id,first_name,last_name,email,gender,ip_address
1,Ginger,Laver,glaver0@abc.net.au,Male,36.154.75.184
2,Marie-ann,Fosten,mfosten1@opensource.org,Polygender,190.40.216.42
3,Auroora,Lohrensen,alohrensen2@artisteer.com,Female,211.53.190.118
4,Penrod,Bracknall,pbracknall3@fc2.com,Male,56.167.166.57
5,Foster,Skelhorne,fskelhorne4@ibm.com,Male,159.44.227.201
6,Ivonne,Doman,idoman5@china.com.cn,Female,174.113.114.148
7,Ealasaid,Breit,ebreit6@reuters.com,Female,234.230.250.77
8,Lynette,Postan,lpostan7@yolasite.com,Female,112.9.241.39
9,Worthy,Passingham,wpassingham8@upenn.edu,Male,183.194.93.1
10,Rab,Bonnick,rbonnick9@jalbum.net,Male,102.100.77.175
11,Tim,Wyldes,twyldesa@cnet.com,Female,185.202.216.244
12,Ruthi,McMillan,rmcmillanb@ameblo.jp,Female,12.153.28.203
13,Sibby,Pinel,spinelc@comcast.net,Female,156.139.7.78
14,Rhianon,Dukelow,rdukelowd@ox.ac.uk,Female,128.28.6.177
15,Laurel,Gobeau,lgobeaue@ask.com,Female,50.5.230.224
16,Chance,Vasiliu,cvasiliuf@sphinn.com,Male,72.161.137.79
17,Grace,Legat,glegatg@sogou.com,Female,189.135.84.33
18,Skipper,MacSkeagan,smacskeaganh@360.cn,Male,9.108.185.76
19,Griswold,Regelous,gregelousi@deviantart.com,Male,108.27.130.149
20,Filia,Mulcaster,fmulcasterj@ca.gov,Female,173.26.213.86
21,Carney,Slaymaker,cslaymakerk@unesco.org,Male,159.85.227.16
22,Hannis,Greenham,hgreenhaml@php.net,Female,125.111.246.221
23,Peterus,Cheng,pchengm@who.int,Male,144.77.115.240
24,Sybilla,Danielsen,sdanielsenn@digg.com,Non-binary,193.227.7.54
25,Shari,Huerta,shuertao@smugmug.com,Female,134.152.135.20
26,Daffy,Drei,ddreip@google.co.jp,Female,83.225.88.229
27,Stanly,Risbie,srisbieq@chicagotribune.com,Male,84.242.166.56
28,Carolus,Bafford,cbaffordr@kickstarter.com,Male,103.55.231.81
29,Averell,Jans,ajanss@oaic.gov.au,Male,98.164.58.217
30,Cherin,Roust,croustt@nbcnews.com,Female,129.113.44.218
31,Gerardo,Squibb,gsquibbu@imdb.com,Genderqueer,86.185.130.110
32,Roldan,Ludlem,rludlemv@liveinternet.ru,Male,55.68.237.173
33,Armando,Nobes,anobesw@miitbeian.gov.cn,Male,127.213.87.225
34,Elsbeth,Hellin,ehellinx@addthis.com,Female,212.194.203.37
35,Lebbie,Kirwan,lkirwany@tripadvisor.com,Female,108.225.90.149
36,Leonardo,Champkin,lchampkinz@gnu.org,Male,153.22.244.248
37,Gilligan,Artis,gartis10@vk.com,Female,165.99.45.41
38,Natala,Roderham,nroderham11@artisteer.com,Genderqueer,65.231.47.162
39,Chrissy,Stolworthy,cstolworthy12@reference.com,Male,38.222.25.165
40,Townie,Bibb,tbibb13@bizjournals.com,Male,114.116.68.195
41,Mordy,Zorzenoni,mzorzenoni14@example.com,Genderqueer,93.131.27.89
42,Evangelia,Jeandet,ejeandet15@wikimedia.org,Female,69.194.243.52
43,Hillier,Tingley,htingley16@microsoft.com,Male,8.0.88.90
44,Vere,Cochet,vcochet17@google.com.br,Female,89.9.96.198
45,Petunia,Rastall,prastall18@google.pl,Female,157.188.194.113
46,Carney,Coldbreath,ccoldbreath19@census.gov,Male,21.6.203.245
47,Dottie,Hellings,dhellings1a@mit.edu,Female,200.71.15.61
48,Grove,Toyer,gtoyer1b@time.com,Male,221.194.195.253
49,Myrlene,O' Dornan,modornan1c@php.net,Non-binary,169.54.227.99
50,Colver,Rowen,crowen1d@opensource.org,Male,219.160.187.118
51,Richart,Moncey,rmoncey1e@prnewswire.com,Male,23.31.118.26
52,Rodger,Gauch,rgauch1f@vimeo.com,Male,213.247.39.45
53,Marie,Cradduck,mcradduck1g@ow.ly,Female,78.244.120.16
54,Caitrin,Judson,cjudson1h@weather.com,Female,74.13.168.199
55,Isiahi,Craigg,icraigg1i@tamu.edu,Male,160.239.1.164
56,Winifield,MacFall,wmacfall1j@usatoday.com,Male,148.173.63.90
57,Jone,Bish,jbish1k@nasa.gov,Male,213.75.247.142
58,Amandie,Cowans,acowans1l@si.edu,Female,224.32.22.28
59,Crista,Rowney,crowney1m@posterous.com,Female,253.209.45.36
60,Englebert,Seeborne,eseeborne1n@sbwire.com,Polygender,34.61.206.237
61,Hobey,Lorenzini,hlorenzini1o@springer.com,Male,133.220.129.14
62,Betti,Sarle,bsarle1p@go.com,Female,111.236.198.39
63,Berny,Whelband,bwhelband1q@sfgate.com,Male,182.182.154.151
64,Clay,Zanre,czanre1r@mtv.com,Male,221.136.32.159
65,Dinnie,Abele,dabele1s@studiopress.com,Female,225.201.99.109
66,Fee,Aspinell,faspinell1t@sitemeter.com,Male,79.154.141.195
67,Julian,Keysall,jkeysall1u@adobe.com,Male,137.20.209.237
68,Brande,Graben,bgraben1v@yellowpages.com,Female,158.202.163.162
69,Christoph,Wherry,cwherry1w@simplemachines.org,Male,71.44.168.81
70,Jennilee,Silverthorn,jsilverthorn1x@cafepress.com,Female,104.99.216.206
71,Aundrea,Denington,adenington1y@comsenz.com,Agender,138.62.71.38
72,Cobby,Moberley,cmoberley1z@gov.uk,Male,47.2.19.7
73,Chrysler,Tixall,ctixall20@yellowpages.com,Female,203.218.183.97
74,Hank,Hankins,hhankins21@gnu.org,Male,176.69.58.25
75,Patricia,Ioannidis,pioannidis22@phpbb.com,Female,99.3.60.211
76,Darin,Medforth,dmedforth23@themeforest.net,Male,79.189.7.255
77,Neille,Catenot,ncatenot24@weebly.com,Female,171.32.219.235
78,Freeman,Ogus,fogus25@unicef.org,Male,14.252.19.237
79,Stewart,Domanek,sdomanek26@answers.com,Non-binary,181.23.183.230
80,Frasier,Keely,fkeely27@odnoklassniki.ru,Male,59.74.15.119
81,Grethel,Gallanders,ggallanders28@google.com.hk,Genderqueer,6.184.184.255
82,Chip,Tatershall,ctatershall29@hud.gov,Male,209.18.203.182
83,Coral,Huitson,chuitson2a@about.com,Genderfluid,62.57.201.55
84,Adlai,Gouldstraw,agouldstraw2b@behance.net,Male,5.20.105.76
85,Evangeline,Skipperbottom,eskipperbottom2c@networksolutions.com,Agender,108.219.73.195
86,Devinne,Lefort,dlefort2d@mapy.cz,Female,73.4.197.230
87,Giffie,Croser,gcroser2e@salon.com,Male,145.177.241.8
88,Dario,McNaughton,dmcnaughton2f@livejournal.com,Male,90.115.52.219
89,Sasha,Stanworth,sstanworth2g@pbs.org,Male,226.210.200.148
90,Adrea,Maskelyne,amaskelyne2h@xing.com,Female,12.129.245.37
91,Boote,Gaythwaite,bgaythwaite2i@columbia.edu,Male,243.179.98.221
92,Otha,Dall,odall2j@over-blog.com,Agender,248.100.21.116
93,Adele,Aleksashin,aaleksashin2k@tinypic.com,Female,131.102.128.196
94,Lauren,Learman,llearman2l@i2i.jp,Female,175.58.147.164
95,Carmelita,Rookwell,crookwell2m@nhs.uk,Female,33.129.251.226
96,Doris,Lanbertoni,dlanbertoni2n@time.com,Female,181.236.130.214
97,Aime,Dinnis,adinnis2o@oakley.com,Female,169.123.36.167
98,Ron,Jeanes,rjeanes2p@clickbank.net,Male,53.155.169.13
99,Barrie,Poge,bpoge2q@irs.gov,Male,12.101.44.189
100,Toby,Westmerland,twestmerland2r@acquirethisname.com,Female,108.107.190.158
101,Davon,Patrickson,dpatrickson2s@mayoclinic.com,Male,151.194.44.242
102,Doris,Cromley,dcromley2t@weebly.com,Female,126.80.116.24
103,Harlene,Bounds,hbounds2u@twitter.com,Female,204.216.37.33
104,Jeri,Messruther,jmessruther2v@wikimedia.org,Polygender,74.53.64.145
105,Thayne,Insull,tinsull2w@upenn.edu,Male,51.34.50.113
106,Lusa,Gandar,lgandar2x@ucoz.com,Female,181.145.136.175
107,Wye,Gawne,wgawne2y@t.co,Male,180.189.100.31
108,Rickard,Poston,rposton2z@npr.org,Male,94.182.82.198
109,Melamie,Rollinson,mrollinson30@printfriendly.com,Non-binary,102.76.94.43
110,Emmye,Wakeman,ewakeman31@woothemes.com,Genderfluid,117.99.234.19
111,Rogers,Felten,rfelten32@boston.com,Male,252.131.39.14
112,Alma,Kasparski,akasparski33@ed.gov,Female,254.86.234.55
113,Ruddy,Lowrey,rlowrey34@microsoft.com,Male,18.30.39.110
114,Almeda,Geistbeck,ageistbeck35@imdb.com,Female,167.6.209.53
115,Randolf,Neno,rneno36@state.tx.us,Male,132.84.149.111
116,Aleda,Nasi,anasi37@toplist.cz,Female,206.102.147.28
117,Mathilda,Marven,mmarven38@hc360.com,Female,180.51.11.54
118,Libbie,Tommasuzzi,ltommasuzzi39@bloomberg.com,Female,61.151.34.86
119,Clerc,Frosdick,cfrosdick3a@hp.com,Male,74.47.112.202
120,Bellina,Raisbeck,braisbeck3b@google.com.br,Female,201.202.100.93
121,Drew,Priddie,dpriddie3c@mlb.com,Male,212.199.195.139
122,Lionello,Roslen,lroslen3d@go.com,Male,51.4.147.110
123,Ethel,Gatlin,egatlin3e@google.pl,Female,12.61.217.94
124,Moses,Mackilpatrick,mmackilpatrick3f@oakley.com,Male,108.134.27.211
125,Faunie,Cansdale,fcansdale3g@sciencedaily.com,Female,71.223.250.72
126,Essa,Ferran,eferran3h@upenn.edu,Female,96.202.254.77
127,Sarine,Bazell,sbazell3i@nsw.gov.au,Female,7.166.11.83
128,Erwin,Cordingly,ecordingly3j@amazonaws.com,Male,188.138.68.204
129,Steffie,Edmett,sedmett3k@seesaa.net,Female,53.36.123.2
130,Rheta,Cashley,rcashley3l@blinklist.com,Female,217.117.62.168
131,Kimmie,Bruyns,kbruyns3m@boston.com,Female,234.81.150.157
132,Cam,Whelpton,cwhelpton3n@eepurl.com,Male,97.221.23.90
133,Thain,Aspland,taspland3o@reuters.com,Male,15.212.161.3
134,Egor,Wooler,ewooler3p@meetup.com,Male,114.175.89.10
135,Fan,Kilmurry,fkilmurry3q@vinaora.com,Female,170.78.243.88
136,Hamlin,Pledge,hpledge3r@arizona.edu,Male,210.47.28.79
137,Minetta,Dimelow,mdimelow3s@mapy.cz,Female,185.103.139.213
138,Godiva,Mulvin,gmulvin3t@phpbb.com,Female,0.129.176.41
139,Cari,Biasioni,cbiasioni3u@lycos.com,Female,140.44.142.184
140,Durward,Eckels,deckels3v@mlb.com,Male,201.162.194.187
141,Nobe,Cisar,ncisar3w@goo.gl,Male,214.54.87.142
142,Laurel,Wickersley,lwickersley3x@i2i.jp,Female,119.139.184.64
143,Ester,Harle,eharle3y@ebay.co.uk,Female,191.250.116.243
144,Alexis,Doddemeade,adoddemeade3z@statcounter.com,Male,66.186.123.103
145,Vilhelmina,Warry,vwarry40@diigo.com,Female,64.198.46.125
146,Kim,Peterffy,kpeterffy41@ucla.edu,Male,34.23.156.28
147,Romola,Endrici,rendrici42@devhub.com,Female,232.239.66.76
148,Dyan,Gusticke,dgusticke43@sciencedaily.com,Female,43.42.48.122
149,Dewain,Cesconi,dcesconi44@kickstarter.com,Male,129.207.219.29
150,Chrystal,Gowthorpe,cgowthorpe45@google.co.uk,Female,47.227.156.222
151,Gil,Dumsday,gdumsday46@stanford.edu,Male,159.104.71.3
152,Sinclare,Garden,sgarden47@mayoclinic.com,Male,36.247.133.55
153,Audrye,Matteuzzi,amatteuzzi48@fema.gov,Female,65.138.55.226
154,Kipp,Trevithick,ktrevithick49@shutterfly.com,Male,225.39.123.71
155,Melvyn,William,mwilliam4a@mozilla.com,Male,81.191.180.72
156,Deloris,Nelthorpe,dnelthorpe4b@qq.com,Female,169.199.242.28
157,Burty,Brundell,bbrundell4c@reddit.com,Male,184.105.196.140
158,Alida,Hillborne,ahillborne4d@exblog.jp,Female,48.120.114.140
159,Lisbeth,Rein,lrein4e@toplist.cz,Female,96.176.202.244
160,Elden,Whitelock,ewhitelock4f@theguardian.com,Male,43.195.101.185
161,Sebastian,Stoner,sstoner4g@census.gov,Bigender,124.253.46.24
162,Rosanne,McQuarrie,rmcquarrie4h@seattletimes.com,Female,112.179.152.195
163,Filberte,Dillingstone,fdillingstone4i@flickr.com,Male,64.186.116.129
164,Farrah,Malbon,fmalbon4j@pbs.org,Female,32.231.33.40
165,Nydia,Cromblehome,ncromblehome4k@devhub.com,Female,208.191.238.227
166,Nickey,St Louis,nstlouis4l@vinaora.com,Male,234.146.17.2
167,Marsiella,Hardaker,mhardaker4m@is.gd,Female,138.35.252.163
168,Kermit,Ashelford,kashelford4n@usda.gov,Male,244.183.210.88
169,Merrile,Broseman,mbroseman4o@mtv.com,Female,162.96.141.175
170,Hyacinthia,Antonignetti,hantonignetti4p@noaa.gov,Female,234.51.134.0
171,Fanchette,Gladman,fgladman4q@photobucket.com,Female,129.102.185.49
172,Skell,Gierardi,sgierardi4r@hud.gov,Male,182.142.30.21
173,Giuseppe,Cutmore,gcutmore4s@gnu.org,Male,29.253.185.167
174,Shelagh,Kestin,skestin4t@state.gov,Female,161.113.101.5
175,Killie,Witz,kwitz4u@yelp.com,Non-binary,190.127.111.116
176,Stuart,Thinn,sthinn4v@census.gov,Male,130.205.101.123
177,Bertha,Dougan,bdougan4w@archive.org,Female,212.223.176.16
178,Stace,Spencook,sspencook4x@wired.com,Female,28.196.99.128
179,Holden,Berwick,hberwick4y@wufoo.com,Male,189.175.159.26
180,Candida,Handrahan,chandrahan4z@storify.com,Female,248.161.159.127
181,Paolo,Normavell,pnormavell50@epa.gov,Non-binary,46.209.240.99
182,Angeli,Forgan,aforgan51@wix.com,Male,104.122.73.81
183,Lizbeth,Philliphs,lphilliphs52@weibo.com,Female,191.164.72.252
184,Rebeka,Cardis,rcardis53@blinklist.com,Female,153.46.178.9
185,Alisander,Clemenson,aclemenson54@cnet.com,Male,30.134.81.130
186,Putnam,Kenna,pkenna55@ow.ly,Male,50.141.225.40
187,Hal,Searchfield,hsearchfield56@rambler.ru,Male,139.252.225.223
188,Charissa,MacCaughan,cmaccaughan57@noaa.gov,Female,68.3.249.125
189,Niall,Colliber,ncolliber58@abc.net.au,Genderfluid,240.77.41.40
190,Buck,Bentinck,bbentinck59@nyu.edu,Male,140.246.238.34
191,Tommy,Mont,tmont5a@businessinsider.com,Male,241.97.193.93
192,Deloris,Stollsteimer,dstollsteimer5b@google.de,Agender,43.24.157.249
193,Yul,Copplestone,ycopplestone5c@jalbum.net,Male,81.243.240.151
194,Olwen,Tivolier,otivolier5d@shop-pro.jp,Female,240.146.34.65
195,Worthy,Riches,wriches5e@umn.edu,Male,212.128.200.23
196,Cacilia,Kelland,ckelland5f@ted.com,Female,95.240.82.122
197,Luci,Diggar,ldiggar5g@walmart.com,Female,180.71.200.68
198,Clyde,Tick,ctick5h@naver.com,Male,1.90.94.59
199,Genia,Langeren,glangeren5i@gizmodo.com,Agender,46.102.121.115
200,Porter,Gillbard,pgillbard5j@discuz.net,Male,63.2.154.159
201,Isadore,Ambrogioli,iambrogioli5k@zdnet.com,Male,55.210.130.31
202,Marven,Mandal,mmandal5l@home.pl,Male,236.231.217.208
203,Bernardine,Sturdy,bsturdy5m@walmart.com,Female,68.77.10.97
204,Tierney,Whales,twhales5n@gravatar.com,Female,226.54.26.216
205,Brody,Uttley,buttley5o@yolasite.com,Male,65.221.178.239
206,Lind,Tatlock,ltatlock5p@rambler.ru,Female,187.250.99.17
207,Abran,Howis,ahowis5q@dion.ne.jp,Male,5.30.53.50
208,Bryn,Livens,blivens5r@goodreads.com,Non-binary,162.13.191.155
209,Richy,Sutcliffe,rsutcliffe5s@wordpress.com,Male,211.158.149.212
210,Gustaf,Youngs,gyoungs5t@vk.com,Male,48.210.65.49
211,Lorita,Durbyn,ldurbyn5u@cmu.edu,Female,90.195.97.197
212,Lowell,Fountaine,lfountaine5v@nature.com,Male,206.158.197.199
213,Cynthia,Obeney,cobeney5w@google.com.br,Female,116.114.80.5
214,Tedie,Dacca,tdacca5x@cbc.ca,Male,212.65.116.203
215,Dedra,Venour,dvenour5y@instagram.com,Female,4.114.179.223
216,Kirstyn,Guerre,kguerre5z@usgs.gov,Female,249.220.148.70
217,Maryanna,Hapke,mhapke60@pagesperso-orange.fr,Polygender,61.24.117.152
218,Mollie,Crollman,mcrollman61@issuu.com,Female,245.140.244.247
219,Amalea,Wankling,awankling62@adobe.com,Female,212.188.234.12
220,Nicolle,Alker,nalker63@parallels.com,Female,32.48.105.64
221,Juieta,Forker,jforker64@cnbc.com,Female,236.46.54.76
222,Tucky,Chestnutt,tchestnutt65@statcounter.com,Male,102.147.38.238
223,Kaia,Klimek,kklimek66@webmd.com,Female,68.165.137.228
224,Christophorus,Maro,cmaro67@npr.org,Male,231.131.128.98
225,Yvonne,Bilby,ybilby68@reuters.com,Female,32.90.70.88
226,Avie,Garey,agarey69@chron.com,Female,218.99.250.12
227,Trey,Castle,tcastle6a@house.gov,Male,211.171.206.216
228,Darwin,McMurdo,dmcmurdo6b@spotify.com,Male,3.27.80.196
229,Sanders,Larchier,slarchier6c@wikimedia.org,Male,45.136.76.159
230,Dane,Caitlin,dcaitlin6d@instagram.com,Male,27.106.121.215
231,Deny,Malden,dmalden6e@surveymonkey.com,Female,81.98.139.53
232,Ilka,Beaty,ibeaty6f@amazonaws.com,Female,158.5.183.30
233,Oriana,Averall,oaverall6g@altervista.org,Polygender,159.96.124.146
234,Gertrudis,Halward,ghalward6h@gov.uk,Female,141.122.217.231
235,Alanna,Kent,akent6i@tripod.com,Female,197.3.248.81
236,Lucias,Macbane,lmacbane6j@ox.ac.uk,Male,170.198.221.251
237,Edd,Grossman,egrossman6k@gravatar.com,Male,144.252.114.68
238,Cirilo,Ceaplen,cceaplen6l@yellowpages.com,Male,120.52.33.214
239,Cal,Poundsford,cpoundsford6m@sina.com.cn,Female,179.115.69.65
240,Sanders,Aronin,saronin6n@dyndns.org,Male,51.9.201.239
241,Haskel,Schruur,hschruur6o@eepurl.com,Male,76.86.63.64
242,Katey,Conti,kconti6p@google.pl,Female,151.84.148.195
243,Rowena,Scrafton,rscrafton6q@ustream.tv,Female,209.47.129.127
244,Artie,Chomley,achomley6r@list-manage.com,Non-binary,26.18.78.170
245,Dud,Seczyk,dseczyk6s@rambler.ru,Genderqueer,250.6.229.134
246,Felicia,Djekovic,fdjekovic6t@ustream.tv,Polygender,192.195.64.206
247,Prudence,Metts,pmetts6u@nymag.com,Polygender,10.174.28.208
248,Sydelle,Stancer,sstancer6v@paginegialle.it,Female,113.174.40.39
249,Alon,Lippiatt,alippiatt6w@scientificamerican.com,Male,230.220.147.149
250,Garald,Stitch,gstitch6x@smugmug.com,Male,2.57.72.0
251,Anderea,Zorer,azorer6y@mac.com,Female,6.227.185.80
252,Dorian,Garden,dgarden6z@bing.com,Male,99.18.38.83
253,Tirrell,Cordero,tcordero70@sogou.com,Male,241.174.217.241
254,Benedicto,Willeman,bwilleman71@google.fr,Male,21.10.195.16
255,Saloma,Dabinett,sdabinett72@issuu.com,Female,232.96.193.40
256,Vinny,Whitehorne,vwhitehorne73@ebay.com,Male,30.95.211.155
257,Toby,Foden,tfoden74@slate.com,Male,174.33.202.192
258,Aluino,Ewbanke,aewbanke75@macromedia.com,Male,117.58.124.65
259,Caitrin,Banck,cbanck76@csmonitor.com,Bigender,50.88.209.94
260,Quincey,Shilvock,qshilvock77@nih.gov,Male,240.195.212.66
261,Alvan,Doull,adoull78@stanford.edu,Male,56.91.34.20
262,Torrence,Yewdell,tyewdell79@nbcnews.com,Male,86.19.184.83
263,Trudey,Norcutt,tnorcutt7a@liveinternet.ru,Female,127.145.209.56
264,Eberhard,Sodo,esodo7b@toplist.cz,Male,209.254.187.122
265,Robin,Retchford,rretchford7c@icq.com,Male,207.131.128.231
266,Daphene,Francello,dfrancello7d@xing.com,Female,129.180.217.112
267,Ailyn,Hegarty,ahegarty7e@weather.com,Female,249.145.144.217
268,Wilhelmine,Manjot,wmanjot7f@e-recht24.de,Female,185.48.160.31
269,Seth,Sakins,ssakins7g@shinystat.com,Male,17.223.21.38
270,Ronni,Ducker,rducker7h@yelp.com,Female,68.236.33.253
271,Rouvin,Gotter,rgotter7i@theguardian.com,Male,146.34.114.192
272,Bryanty,Gresch,bgresch7j@reference.com,Male,196.14.226.123
273,Gae,Lovart,glovart7k@usda.gov,Female,231.46.43.207
274,Ashley,Cawsey,acawsey7l@fotki.com,Male,212.191.170.224
275,Benetta,Shirrell,bshirrell7m@go.com,Female,233.233.221.15
276,Flin,Jakubowicz,fjakubowicz7n@cnet.com,Male,87.240.89.211
277,Coralyn,Dolley,cdolley7o@fastcompany.com,Female,123.149.255.4
278,Myrvyn,Hallows,mhallows7p@booking.com,Male,47.150.215.7
279,Thalia,O'Nolan,tonolan7q@skype.com,Female,42.210.220.184
280,Willi,Gresham,wgresham7r@patch.com,Female,167.211.241.152
281,Pepito,Hierro,phierro7s@miibeian.gov.cn,Male,161.155.120.253
282,Vin,Clarycott,vclarycott7t@blogspot.com,Male,6.163.29.10
283,Jaquith,McCrossan,jmccrossan7u@pagesperso-orange.fr,Female,142.98.166.25
284,Kerri,Elnaugh,kelnaugh7v@aol.com,Female,65.198.75.24
285,Lyndel,Bonsul,lbonsul7w@examiner.com,Female,189.97.55.38
286,Eba,McKnockiter,emcknockiter7x@xrea.com,Female,9.150.221.239
287,Vivianna,Swallow,vswallow7y@cdc.gov,Female,59.50.246.69
288,Alys,Kermon,akermon7z@nature.com,Bigender,164.143.143.67
289,Lynna,Gaskins,lgaskins80@techcrunch.com,Female,179.75.110.220
290,Xylina,Pridding,xpridding81@aboutads.info,Female,209.66.175.28
291,Ailis,Flecknell,aflecknell82@cdbaby.com,Female,101.243.62.95
292,Amalita,Rihanek,arihanek83@amazon.co.jp,Female,209.40.210.90
293,Pegeen,Bevans,pbevans84@ucla.edu,Female,148.80.190.65
294,Addie,Maggs,amaggs85@cargocollective.com,Male,61.3.239.214
295,Korey,Gothliff,kgothliff86@addthis.com,Male,123.72.143.228
296,Devonna,Alfonsetti,dalfonsetti87@typepad.com,Genderqueer,35.118.58.205
297,Adrien,Farbrother,afarbrother88@addthis.com,Male,215.68.170.21
298,Stephan,Hanratty,shanratty89@networkadvertising.org,Male,195.116.136.107
299,Glen,Gates,ggates8a@fastcompany.com,Female,47.240.239.29
300,Inger,Elstub,ielstub8b@diigo.com,Male,184.48.144.91
301,Burr,Worsall,bworsall8c@hostgator.com,Male,155.193.44.222
302,Judie,Lealle,jlealle8d@home.pl,Female,43.116.142.55
303,Gaylor,Jeays,gjeays8e@bbb.org,Male,103.235.126.162
304,Janela,Macauley,jmacauley8f@jiathis.com,Female,70.47.135.233
305,Gardie,Mesias,gmesias8g@redcross.org,Male,251.92.99.3
306,Donetta,De Simone,ddesimone8h@acquirethisname.com,Female,248.59.6.184
307,Godfry,Ghelardi,gghelardi8i@wufoo.com,Male,143.27.57.48
308,Clemmy,Bilbrooke,cbilbrooke8j@163.com,Female,11.42.227.255
309,Townsend,Markos,tmarkos8k@csmonitor.com,Male,97.195.120.17
310,Rod,Goddman,rgoddman8l@imgur.com,Male,141.143.207.247
311,Monro,Stonestreet,mstonestreet8m@surveymonkey.com,Male,74.28.149.246
312,Van,Bangs,vbangs8n@hibu.com,Female,138.131.169.193
313,Yankee,Ovitts,yovitts8o@theguardian.com,Male,24.24.158.183
314,Corny,Guillou,cguillou8p@census.gov,Male,38.254.39.25
315,Jorgan,Hyam,jhyam8q@linkedin.com,Male,231.33.136.119
316,Prue,Guilloux,pguilloux8r@elpais.com,Female,61.70.223.223
317,Kalle,Josephov,kjosephov8s@lulu.com,Male,210.63.96.138
318,Kenny,Hould,khould8t@msu.edu,Male,106.248.117.15
319,Anet,Oldacre,aoldacre8u@prlog.org,Female,61.220.221.3
320,Curcio,Longea,clongea8v@aboutads.info,Male,72.227.156.160
321,Dede,Ewbank,dewbank8w@blogger.com,Female,64.67.47.115
322,Forster,Milburne,fmilburne8x@ucoz.ru,Male,88.95.7.210
323,Vivianne,Yanshin,vyanshin8y@fotki.com,Female,156.44.63.119
324,Alfons,Snowsill,asnowsill8z@phpbb.com,Male,49.227.188.122
325,Linell,Hillhouse,lhillhouse90@hhs.gov,Female,85.181.236.201
326,Madge,Garnham,mgarnham91@slate.com,Female,240.107.69.67
327,Sondra,Tripett,stripett92@cocolog-nifty.com,Female,80.111.35.170
328,Ilario,Lunney,ilunney93@statcounter.com,Male,29.255.96.210
329,Kellen,Cumber,kcumber94@ed.gov,Male,252.31.154.251
330,Chip,Torritti,ctorritti95@sun.com,Polygender,157.161.117.77
331,Charlotta,Abbet,cabbet96@icio.us,Female,210.58.12.138
332,Lorry,Tosh,ltosh97@vistaprint.com,Female,204.135.214.109
333,Irv,Morgan,imorgan98@tumblr.com,Male,156.223.203.62
334,Claiborn,Pobjay,cpobjay99@google.co.uk,Male,95.175.197.177
335,Doroteya,Hardstaff,dhardstaff9a@cocolog-nifty.com,Female,4.230.231.72
336,Lancelot,Skelly,lskelly9b@goo.gl,Male,228.71.21.192
337,Darlene,Teague,dteague9c@etsy.com,Female,202.2.69.228
338,Matthieu,Roistone,mroistone9d@blog.com,Male,24.131.164.16
339,Maddalena,Macbane,mmacbane9e@youku.com,Female,99.1.142.251
340,Pail,Aasaf,paasaf9f@jalbum.net,Male,140.56.206.44
341,Putnam,Laverock,plaverock9g@blogspot.com,Male,43.234.44.138
342,Amie,McManamen,amcmanamen9h@creativecommons.org,Female,148.139.52.127
343,Jakob,Mepsted,jmepsted9i@edublogs.org,Male,116.254.1.75
344,Liv,Finlow,lfinlow9j@cbc.ca,Non-binary,162.148.52.230
345,Timmy,Weerdenburg,tweerdenburg9k@trellian.com,Female,29.152.160.127
346,Guinna,Cartner,gcartner9l@google.com,Female,157.212.132.230
347,Andreana,Isaksson,aisaksson9m@stumbleupon.com,Female,61.71.71.93
348,Hilliard,Lavielle,hlavielle9n@senate.gov,Male,51.210.116.177
349,Staford,Denison,sdenison9o@list-manage.com,Male,197.62.224.131
350,Nance,Flieger,nflieger9p@buzzfeed.com,Female,118.203.147.62
351,Chauncey,Caruth,ccaruth9q@godaddy.com,Male,152.18.248.159
352,Amber,Wippermann,awippermann9r@lycos.com,Female,57.178.24.203
353,Gusella,Douche,gdouche9s@tinyurl.com,Female,206.247.194.196
354,Jaquenetta,Erley,jerley9t@nba.com,Genderqueer,70.244.61.153
355,Chickie,Ambresin,cambresin9u@sina.com.cn,Male,208.40.17.10
356,Nicholas,Yielding,nyielding9v@altervista.org,Male,125.18.207.175
357,Wendell,Qusklay,wqusklay9w@ycombinator.com,Male,78.119.85.133
358,Reidar,Prall,rprall9x@cbsnews.com,Male,2.138.209.78
359,Garold,Dunbleton,gdunbleton9y@csmonitor.com,Male,148.21.201.82
360,Donaugh,Simms,dsimms9z@shinystat.com,Male,155.96.119.181
361,Cinda,Merwood,cmerwooda0@yandex.ru,Female,203.112.238.3
362,Joice,Arrigucci,jarriguccia1@delicious.com,Female,23.107.159.171
363,Durante,McGebenay,dmcgebenaya2@aol.com,Male,179.114.115.123
364,Lorraine,Diego,ldiegoa3@businessweek.com,Female,7.214.187.13
365,Guenevere,Duggan,gduggana4@desdev.cn,Female,145.78.92.26
366,Gunther,Gradly,ggradlya5@deviantart.com,Male,29.123.133.137
367,Andres,Swett,aswetta6@drupal.org,Male,60.0.252.217
368,Gladi,Goulbourne,ggoulbournea7@alibaba.com,Female,208.25.149.137
369,Fancy,Whilde,fwhildea8@networksolutions.com,Non-binary,196.220.149.220
370,Ula,Redley,uredleya9@instagram.com,Female,218.181.42.216
371,Veronica,Kirman,vkirmanaa@constantcontact.com,Female,55.226.11.6
372,Corrinne,Scrimshaw,cscrimshawab@rambler.ru,Female,106.73.134.96
373,Galvin,Hessenthaler,ghessenthalerac@epa.gov,Male,240.193.149.106
374,Lebbie,Ormesher,lormesherad@disqus.com,Female,233.117.42.0
375,Domeniga,Nolleth,dnollethae@typepad.com,Female,187.147.71.167
376,Davey,Parratt,dparrattaf@geocities.jp,Male,218.207.154.9
377,Thorny,Luckes,tluckesag@nbcnews.com,Genderfluid,123.141.251.128
378,Kerry,Boanas,kboanasah@liveinternet.ru,Female,254.9.70.178
379,Washington,Fermoy,wfermoyai@bluehost.com,Male,242.139.185.37
380,Henri,Trowel,htrowelaj@google.it,Male,252.187.221.73
381,Ezequiel,Orhrt,eorhrtak@biblegateway.com,Male,77.198.216.30
382,Jarrid,Dillestone,jdillestoneal@ehow.com,Bigender,200.61.224.210
383,Nathalia,Jakoubek,njakoubekam@theatlantic.com,Non-binary,147.84.199.134
384,Matt,Bennell,mbennellan@apple.com,Male,100.187.53.213
385,Herculie,Robertazzi,hrobertazziao@discuz.net,Male,142.43.199.88
386,Desmond,Kinnock,dkinnockap@usgs.gov,Male,133.81.181.199
387,Margi,Jonczyk,mjonczykaq@cloudflare.com,Female,121.24.240.34
388,Fletcher,Giorgi,fgiorgiar@technorati.com,Male,184.7.3.190
389,Roanne,Surmeir,rsurmeiras@altervista.org,Female,100.118.42.63
390,Consuelo,Brazear,cbrazearat@vkontakte.ru,Female,189.227.184.176
391,Jimmy,Anstead,jansteadau@irs.gov,Male,122.58.94.52
392,Cornelius,Lohering,cloheringav@lulu.com,Non-binary,193.174.220.117
393,Park,Branscombe,pbranscombeaw@stumbleupon.com,Male,15.47.208.198
394,Ranice,Cathro,rcathroax@w3.org,Female,25.224.46.135
395,Kingsly,McCoole,kmccooleay@ca.gov,Male,239.65.45.219
396,Stillman,Piwell,spiwellaz@squidoo.com,Male,128.95.203.189
397,Eada,Harmson,eharmsonb0@over-blog.com,Female,245.136.196.35
398,Alaster,Giblett,agiblettb1@blog.com,Male,39.246.99.44
399,Hercule,Deboick,hdeboickb2@discuz.net,Non-binary,131.136.253.248
400,Beth,Screach,bscreachb3@google.com,Female,140.69.8.109
401,Bertram,Kabos,bkabosb4@i2i.jp,Male,172.21.62.174
402,Allianora,Conley,aconleyb5@live.com,Female,101.142.231.205
403,Jeanie,Roper,jroperb6@wunderground.com,Female,129.25.66.175
404,Langsdon,Prior,lpriorb7@admin.ch,Male,204.61.63.112
405,Joli,Rotherham,jrotherhamb8@bing.com,Female,236.101.217.217
406,Dianna,Ayshford,dayshfordb9@t-online.de,Female,25.160.8.134
407,August,Deport,adeportba@usgs.gov,Polygender,252.207.29.249
408,Gerry,Neil,gneilbb@huffingtonpost.com,Male,22.205.54.12
409,Tammy,Shelley,tshelleybc@nba.com,Male,11.19.193.99
410,Westley,Lepope,wlepopebd@example.com,Male,154.185.219.235
411,Gardy,Johncey,gjohnceybe@fotki.com,Male,189.102.245.12
412,Sherye,Gillise,sgillisebf@meetup.com,Female,229.31.197.176
413,Chrystel,Ezzle,cezzlebg@delicious.com,Female,166.142.24.252
414,Griz,Dannohl,gdannohlbh@oracle.com,Male,38.55.118.70
415,Trenna,Fydo,tfydobi@nature.com,Female,183.95.215.254
416,Monah,Amori,mamoribj@baidu.com,Female,28.181.103.206
417,Matteo,Springate,mspringatebk@acquirethisname.com,Male,91.187.143.243
418,Nealson,Niccolls,nniccollsbl@salon.com,Male,130.188.145.25
419,Dionysus,Growcott,dgrowcottbm@google.pl,Male,8.197.33.230
420,Ignacio,Tallquist,itallquistbn@economist.com,Male,242.164.111.104
421,Ermanno,Lomond,elomondbo@devhub.com,Male,240.78.164.26
422,Hieronymus,Matashkin,hmatashkinbp@trellian.com,Male,105.153.89.54
423,Waylan,Ebanks,webanksbq@zimbio.com,Male,124.62.172.131
424,Teddie,Redrup,tredrupbr@slate.com,Male,125.224.227.6
425,Noach,Comber,ncomberbs@acquirethisname.com,Male,32.128.8.111
426,Cherrita,Sedworth,csedworthbt@weibo.com,Female,207.110.75.128
427,Vance,Maiden,vmaidenbu@simplemachines.org,Male,248.98.35.191
428,Constanta,Harlowe,charlowebv@oakley.com,Bigender,143.195.247.234
429,Karina,Haine,khainebw@about.com,Female,243.242.47.143
430,Emmy,Liquorish,eliquorishbx@networksolutions.com,Female,245.151.162.146
431,Andie,Attoc,aattocby@tinypic.com,Male,39.102.195.235
432,Sander,Spadari,sspadaribz@usatoday.com,Male,143.175.99.152
433,Lexi,Narducci,lnarduccic0@networkadvertising.org,Non-binary,187.21.27.144
434,Gabey,Baldazzi,gbaldazzic1@msu.edu,Female,107.116.8.1
435,Theresita,Geane,tgeanec2@360.cn,Female,66.155.232.163
436,Jelene,Fortnon,jfortnonc3@craigslist.org,Female,233.161.91.249
437,Demetrius,Cannaway,dcannawayc4@weather.com,Male,196.70.252.159
438,Flynn,Hinkins,fhinkinsc5@china.com.cn,Male,239.172.75.9
439,Justin,Renvoise,jrenvoisec6@yahoo.com,Polygender,6.24.6.12
440,Bryna,Tarbatt,btarbattc7@mysql.com,Female,128.202.173.214
441,Bartolemo,Souten,bsoutenc8@businessweek.com,Male,177.185.13.31
442,Nona,Niccols,nniccolsc9@accuweather.com,Female,84.221.150.232
443,Jacenta,Gisburn,jgisburnca@joomla.org,Female,249.216.229.198
444,Durand,McCarrison,dmccarrisoncb@free.fr,Male,250.47.176.57
445,Klemens,Bernetti,kbernetticc@wikispaces.com,Male,90.217.117.140
446,Chickie,Cartmell,ccartmellcd@newsvine.com,Female,254.63.189.233
447,Rich,Pettie,rpettiece@nydailynews.com,Male,241.102.218.94
448,Juliane,Stienton,jstientoncf@deliciousdays.com,Female,94.154.227.222
449,Moore,Stoeck,mstoeckcg@wsj.com,Male,188.238.96.59
450,Merry,Trass,mtrassch@psu.edu,Male,22.118.170.84
451,Pablo,Larderot,plarderotci@smugmug.com,Male,73.187.82.221
452,Marylin,Helwig,mhelwigcj@amazon.co.jp,Female,40.34.145.212
453,Babb,Hadkins,bhadkinsck@privacy.gov.au,Female,194.255.125.53
454,Costa,Lawty,clawtycl@wordpress.com,Male,200.215.127.176
455,Valentina,Palliser,vpallisercm@craigslist.org,Female,118.113.179.12
456,Sibylle,Bottinelli,sbottinellicn@constantcontact.com,Female,242.64.249.233
457,Mordecai,O'Dennehy,modennehyco@php.net,Male,230.147.177.40
458,Stavro,Downing,sdowningcp@cbslocal.com,Male,160.94.30.137
459,Daria,Winning,dwinningcq@joomla.org,Female,127.49.85.96
460,Christabel,Hegden,chegdencr@cpanel.net,Female,47.245.52.43
461,Kenon,Denny,kdennycs@webnode.com,Male,226.7.85.73
462,Douglas,Simmans,dsimmansct@marketwatch.com,Male,6.40.144.64
463,Berny,Klauber,bklaubercu@wikispaces.com,Female,252.219.103.29
464,Gene,Cockshutt,gcockshuttcv@cornell.edu,Female,205.48.100.69
465,Cass,Grise,cgrisecw@pen.io,Male,98.54.164.235
466,Jase,Kitchingman,jkitchingmancx@amazonaws.com,Male,183.118.139.67
467,Michaelina,Mitchall,mmitchallcy@arstechnica.com,Female,147.105.108.32
468,Claybourne,Nuscha,cnuschacz@narod.ru,Male,213.54.56.5
469,Phip,Schuler,pschulerd0@homestead.com,Male,41.19.80.92
470,Christel,Dank,cdankd1@guardian.co.uk,Polygender,213.222.152.183
471,Tobias,Fountain,tfountaind2@slideshare.net,Male,65.18.108.145
472,Candy,Mandy,cmandyd3@archive.org,Female,91.178.165.235
473,Frederique,Ovitts,fovittsd4@netlog.com,Female,110.248.123.117
474,Russ,Leijs,rleijsd5@ycombinator.com,Male,227.66.215.1
475,Lil,Mallabone,lmallaboned6@un.org,Female,234.230.24.188
476,Florentia,Tours,ftoursd7@cnbc.com,Female,138.35.143.77
477,Kelley,Grioli,kgriolid8@gizmodo.com,Agender,103.219.6.222
478,Lucine,Pawden,lpawdend9@arizona.edu,Female,129.82.7.94
479,Daisi,Lombard,dlombardda@nytimes.com,Female,10.98.7.232
480,Harlan,Dametti,hdamettidb@upenn.edu,Male,95.240.16.167
481,Georgetta,Lamond,glamonddc@yellowpages.com,Genderfluid,87.17.246.156
482,Ruddie,Attreed,rattreeddd@scientificamerican.com,Agender,66.82.31.7
483,Erminia,Jelks,ejelksde@163.com,Female,90.19.181.176
484,Freddie,Trundle,ftrundledf@nymag.com,Female,3.47.155.123
485,Wayland,Burchatt,wburchattdg@mayoclinic.com,Male,134.126.99.190
486,Petr,Britnell,pbritnelldh@baidu.com,Male,124.80.86.88
487,Chadd,Blinman,cblinmandi@usda.gov,Male,211.146.210.178
488,Vivyan,Woodrough,vwoodroughdj@indiatimes.com,Female,78.134.172.47
489,Wolfy,Merman,wmermandk@sitemeter.com,Male,109.169.50.77
490,Sibyl,Litton,slittondl@tuttocitta.it,Male,100.130.24.246
491,Katleen,Joysey,kjoyseydm@trellian.com,Female,59.134.207.238
492,Joann,Collaton,jcollatondn@baidu.com,Female,68.54.22.92
493,Reinhold,Breadmore,rbreadmoredo@yellowbook.com,Male,166.35.175.181
494,Baird,Sommerland,bsommerlanddp@wufoo.com,Polygender,181.185.51.57
495,Ferrel,Woollam,fwoollamdq@bbc.co.uk,Male,39.106.12.248
496,Chester,Blaxley,cblaxleydr@netlog.com,Male,149.1.212.72
497,Dana,Conachie,dconachieds@nhs.uk,Female,20.182.37.194
498,Eduino,Crocumbe,ecrocumbedt@netlog.com,Male,193.30.60.196
499,Eilis,Uden,eudendu@elegantthemes.com,Female,245.112.114.152
500,Marion,Syred,msyreddv@si.edu,Female,57.210.55.250
501,Vanna,D'Hooghe,vdhooghedw@blogger.com,Female,48.169.53.164
502,Jolene,Lerohan,jlerohandx@irs.gov,Female,249.129.76.10
503,Meridel,Berk,mberkdy@elegantthemes.com,Female,86.47.184.220
504,Nikolaus,Bernadon,nbernadondz@mediafire.com,Male,93.67.245.252
505,Lilian,Nurcombe,lnurcombee0@whitehouse.gov,Female,197.239.41.37
506,Gannon,Opdenorth,gopdenorthe1@samsung.com,Male,105.200.67.240
507,Horst,McLugish,hmclugishe2@hhs.gov,Male,130.160.4.148
508,Lynne,Gilardoni,lgilardonie3@biglobe.ne.jp,Female,4.37.29.193
509,Roscoe,Thairs,rthairse4@pcworld.com,Male,145.125.55.99
510,Amandy,Philippsohn,aphilippsohne5@instagram.com,Female,26.225.117.74
511,Ardine,Lawrinson,alawrinsone6@nps.gov,Female,16.206.123.233
512,Tanny,Woodward,twoodwarde7@hubpages.com,Male,17.76.174.174
513,Tommie,Bloys,tbloyse8@cmu.edu,Male,182.249.6.227
514,Richmond,Posselwhite,rposselwhitee9@shareasale.com,Male,96.136.252.100
515,Jaimie,DelaField,jdelafieldea@yahoo.co.jp,Male,211.54.241.239
516,Cordell,Ogelsby,cogelsbyeb@unblog.fr,Male,150.61.7.188
517,Zachery,Crufts,zcruftsec@bbb.org,Male,94.101.113.28
518,Artair,Everingham,aeveringhamed@tripadvisor.com,Male,39.48.18.206
519,Siana,Wooff,swooffee@youku.com,Female,13.111.95.172
520,Claude,Brompton,cbromptonef@si.edu,Female,67.22.191.216
521,Phillipe,Scrase,pscraseeg@meetup.com,Male,129.34.142.239
522,Baxie,Jeeves,bjeeveseh@angelfire.com,Male,111.104.170.218
523,Aime,Kolak,akolakei@dyndns.org,Female,158.165.255.222
524,Gerti,Clarke,gclarkeej@ebay.co.uk,Female,66.131.135.63
525,Wilow,Davydkov,wdavydkovek@google.ru,Polygender,136.142.236.60
526,Dniren,Searle,dsearleel@engadget.com,Agender,166.128.53.216
527,Kipper,Cashley,kcashleyem@blogger.com,Male,154.78.98.90
528,Umeko,Posselow,uposselowen@blogtalkradio.com,Female,31.65.28.140
529,Jany,Filtness,jfiltnesseo@un.org,Female,146.248.183.191
530,Dell,Frosch,dfroschep@dion.ne.jp,Female,135.220.252.217
531,Kettie,Lugden,klugdeneq@vistaprint.com,Female,210.43.13.11
532,Ulrick,Alderman,ualdermaner@posterous.com,Male,99.170.79.207
533,Sloan,Peplay,speplayes@smh.com.au,Male,77.216.212.163
534,Bronnie,Mattioni,bmattioniet@imageshack.us,Polygender,57.181.96.33
535,Augusto,McConnell,amcconnelleu@oracle.com,Male,98.93.203.192
536,Thadeus,Flitcroft,tflitcroftev@fema.gov,Male,103.233.165.227
537,Yancy,Hamor,yhamorew@google.it,Male,68.138.227.147
538,Norine,Fullman,nfullmanex@bravesites.com,Female,69.42.4.60
539,Teddie,Spoerl,tspoerley@edublogs.org,Male,222.25.0.247
540,Kala,Pepperell,kpepperellez@forbes.com,Female,80.35.247.83
541,Calley,Condie,ccondief0@archive.org,Female,140.108.63.130
542,Vida,Ganter,vganterf1@chronoengine.com,Female,88.91.208.237
543,Margot,Columbell,mcolumbellf2@comsenz.com,Female,247.140.16.169
544,Alano,Dubbin,adubbinf3@lycos.com,Male,72.3.238.232
545,Gleda,Brandli,gbrandlif4@goodreads.com,Female,32.99.251.112
546,Dionne,Restall,drestallf5@japanpost.jp,Genderqueer,145.109.116.17
547,Karoly,Frensch,kfrenschf6@360.cn,Genderqueer,177.221.205.179
548,Guss,Graine,ggrainef7@economist.com,Agender,198.127.51.49
549,Zelig,Finlow,zfinlowf8@wikispaces.com,Male,163.152.77.7
550,Moina,Mutton,mmuttonf9@uol.com.br,Polygender,72.194.122.237
551,Ive,Nuzzti,inuzztifa@vkontakte.ru,Male,75.160.115.188
552,Ertha,O'Teague,eoteaguefb@vkontakte.ru,Female,247.241.81.238
553,Waldo,Chaney,wchaneyfc@mediafire.com,Male,137.243.18.190
554,Loleta,Blunderfield,lblunderfieldfd@sun.com,Female,239.203.142.71
555,Opal,Strase,ostrasefe@salon.com,Polygender,222.32.230.9
556,Felicia,Haken,fhakenff@google.fr,Female,223.191.175.106
557,Modestia,Asprey,maspreyfg@a8.net,Female,205.185.98.223
558,Arty,Spataro,aspatarofh@jugem.jp,Male,240.132.145.81
559,Emilia,Olliver,eolliverfi@lulu.com,Female,166.143.191.170
560,Lonnie,Alphonso,lalphonsofj@unicef.org,Female,77.29.195.154
561,Cristy,McIlvenna,cmcilvennafk@technorati.com,Female,124.169.238.27
562,Otto,Vanyukhin,ovanyukhinfl@amazon.de,Polygender,53.104.27.174
563,Florri,Skoate,fskoatefm@state.gov,Female,18.249.57.162
564,Dorolisa,Awdry,dawdryfn@histats.com,Female,192.121.202.17
565,Lira,Notman,lnotmanfo@forbes.com,Female,171.175.86.88
566,Kerianne,McLucas,kmclucasfp@independent.co.uk,Non-binary,12.236.21.164
567,Mollie,Fenty,mfentyfq@edublogs.org,Polygender,185.205.176.89
568,Sutton,Kahan,skahanfr@discovery.com,Male,76.214.255.118
569,Miguel,Collison,mcollisonfs@ucla.edu,Male,233.154.235.91
570,Ancell,Hanley,ahanleyft@chicagotribune.com,Male,52.137.126.237
571,Teodora,Ferrettino,tferrettinofu@parallels.com,Female,227.231.58.28
572,Merrielle,Woolf,mwoolffv@ycombinator.com,Female,131.200.13.80
573,Perceval,Snowding,psnowdingfw@plala.or.jp,Male,163.105.44.247
574,Weber,Escudier,wescudierfx@constantcontact.com,Non-binary,131.67.15.126
575,Staford,Casement,scasementfy@wordpress.com,Male,10.208.100.56
576,Claire,Littlefair,clittlefairfz@bing.com,Male,168.174.42.138
577,Gustavo,Pilsbury,gpilsburyg0@ted.com,Non-binary,146.28.190.160
578,Marisa,Avramchik,mavramchikg1@blogs.com,Female,72.70.111.201
579,Kenny,Swanton,kswantong2@usa.gov,Male,205.158.139.128
580,Rowan,Gercke,rgerckeg3@amazon.co.jp,Male,141.66.16.104
581,Gearalt,Pittel,gpittelg4@soundcloud.com,Male,4.148.234.213
582,Huberto,Thomasen,hthomaseng5@zimbio.com,Male,201.234.40.53
583,Cecil,Mairs,cmairsg6@columbia.edu,Female,171.211.202.33
584,Leesa,Strothers,lstrothersg7@freewebs.com,Female,210.50.180.37
585,Sal,Barford,sbarfordg8@bloglovin.com,Female,15.215.149.61
586,Sibelle,Corry,scorryg9@nytimes.com,Female,20.249.97.47
587,Marget,Vollam,mvollamga@canalblog.com,Female,107.134.37.244
588,Myrilla,D'Enrico,mdenricogb@privacy.gov.au,Female,97.22.143.76
589,Billie,Ritter,brittergc@wsj.com,Male,214.182.27.232
590,Felipa,Surcombe,fsurcombegd@cargocollective.com,Female,212.72.52.228
591,Brewer,Millan,bmillange@ucoz.com,Male,64.10.69.211
592,Concordia,Conichie,cconichiegf@paginegialle.it,Female,138.134.171.105
593,Merell,Meecher,mmeechergg@nifty.com,Male,100.223.120.159
594,Barb,Ronaldson,bronaldsongh@alexa.com,Female,234.80.176.138
595,Mattie,Standbridge,mstandbridgegi@last.fm,Male,19.131.115.158
596,Stevena,Sarsons,ssarsonsgj@blogs.com,Bigender,134.43.205.105
597,Leoine,Tillerton,ltillertongk@typepad.com,Female,17.168.197.21
598,Marielle,Kirwan,mkirwangl@examiner.com,Non-binary,127.86.66.181
599,Floyd,Dhillon,fdhillongm@w3.org,Male,22.223.152.152
600,Denis,Rollett,drollettgn@hao123.com,Male,224.2.165.201
601,Eddy,Askham,easkhamgo@ca.gov,Male,70.166.204.211
602,Yolanda,Karys,ykarysgp@bloglovin.com,Female,122.112.181.251
603,Irvine,Jordan,ijordangq@pinterest.com,Male,102.132.99.19
604,Reinaldos,Maleby,rmalebygr@state.tx.us,Male,11.4.196.114
605,Justis,Bloore,jblooregs@ft.com,Genderfluid,190.247.205.180
606,Kippar,Poytress,kpoytressgt@europa.eu,Male,142.190.78.6
607,Finn,McConachie,fmcconachiegu@go.com,Male,3.245.107.186
608,Alex,Reckless,arecklessgv@hatena.ne.jp,Male,19.61.230.41
609,Annecorinne,Lammers,alammersgw@engadget.com,Female,181.98.128.186
610,Alon,Hawney,ahawneygx@furl.net,Male,164.242.147.42
611,Iris,Mandy,imandygy@dot.gov,Female,178.2.120.198
612,Benedikta,Meeny,bmeenygz@wikia.com,Female,182.97.125.124
613,Andi,McCaighey,amccaigheyh0@1und1.de,Genderfluid,38.212.123.182
614,Winfield,Bawdon,wbawdonh1@sakura.ne.jp,Male,250.37.199.226
615,Xena,Stivani,xstivanih2@yellowbook.com,Female,194.190.38.155
616,Brigg,Sherrum,bsherrumh3@mayoclinic.com,Male,127.98.131.16
617,Danna,McDugal,dmcdugalh4@sun.com,Female,67.248.12.52
618,Tremain,Ebben,tebbenh5@addtoany.com,Male,111.207.212.63
619,Bobbe,Bourke,bbourkeh6@issuu.com,Female,94.212.206.151
620,Tove,Chadderton,tchaddertonh7@wikispaces.com,Female,3.58.47.105
621,Hoebart,Wardrope,hwardropeh8@cnn.com,Male,40.207.236.225
622,Godart,Beedon,gbeedonh9@imageshack.us,Genderqueer,253.147.65.106
623,Moria,Bamb,mbambha@tinyurl.com,Female,154.220.75.48
624,Agata,Windows,awindowshb@msu.edu,Female,84.173.168.202
625,Louisa,Bassam,lbassamhc@newsvine.com,Female,165.163.132.25
626,Melvin,Ovill,movillhd@pbs.org,Male,248.166.159.65
627,Sumner,Pierri,spierrihe@deliciousdays.com,Male,196.126.101.114
628,Allyn,Bremley,abremleyhf@lycos.com,Male,247.191.112.136
629,Krissy,Stucksbury,kstucksburyhg@biglobe.ne.jp,Female,207.65.111.130
630,Marven,Benbrick,mbenbrickhh@nyu.edu,Male,9.190.29.77
631,Harmony,McCambrois,hmccambroishi@cbc.ca,Agender,16.212.57.150
632,Bruis,Blanchard,bblanchardhj@gov.uk,Male,14.200.211.114
633,Maxie,Bennen,mbennenhk@bandcamp.com,Female,120.51.195.229
634,Garek,Roberds,groberdshl@europa.eu,Male,97.61.238.227
635,Arliene,Blagden,ablagdenhm@hc360.com,Female,101.79.161.77
636,Jens,McIlhatton,jmcilhattonhn@ucoz.com,Male,184.250.194.70
637,Kendricks,Demsey,kdemseyho@theatlantic.com,Male,235.99.168.186
638,Bard,Richardson,brichardsonhp@newsvine.com,Male,154.69.145.80
639,Bentley,Secker,bseckerhq@imgur.com,Male,216.60.251.210
640,Sherlocke,Lovejoy,slovejoyhr@vinaora.com,Male,155.106.73.146
641,Korney,Bardill,kbardillhs@dell.com,Polygender,32.215.210.34
642,Breena,Roxby,broxbyht@purevolume.com,Female,28.219.27.140
643,Rourke,Tugman,rtugmanhu@nature.com,Male,51.20.76.239
644,Grenville,Bruster,gbrusterhv@google.cn,Male,70.232.179.142
645,Kora,Tedahl,ktedahlhw@nyu.edu,Female,143.25.65.73
646,Gabe,Holdall,gholdallhx@hud.gov,Male,224.138.59.234
647,Jennie,Asple,jasplehy@businessinsider.com,Bigender,218.156.15.235
648,Aurore,Hartnup,ahartnuphz@blogger.com,Female,205.74.120.241
649,Randolf,Piddlesden,rpiddlesdeni0@sun.com,Male,14.1.35.191
650,Adamo,Pears,apearsi1@ft.com,Male,164.80.43.240
651,Carma,Arnett,carnetti2@marketwatch.com,Female,51.150.249.122
652,Noble,Gadie,ngadiei3@google.com.hk,Male,26.126.186.152
653,Teddy,Mathis,tmathisi4@china.com.cn,Male,167.250.78.73
654,Tim,McSwan,tmcswani5@google.it,Genderqueer,255.129.209.48
655,Berke,Kovnot,bkovnoti6@blogger.com,Male,206.198.94.60
656,Orran,Martinyuk,omartinyuki7@topsy.com,Male,148.59.100.1
657,Shane,Johansen,sjohanseni8@histats.com,Female,26.73.95.15
658,Bryna,Coldwell,bcoldwelli9@people.com.cn,Female,226.253.197.184
659,Lishe,Elcome,lelcomeia@amazon.co.uk,Female,62.252.249.24
660,Jefferson,Jozsef,jjozsefib@cargocollective.com,Male,229.251.36.164
661,Halimeda,Whitten,hwhittenic@ifeng.com,Genderfluid,123.231.53.128
662,Amble,Tuppeny,atuppenyid@msu.edu,Male,53.240.31.212
663,Pryce,Matijasevic,pmatijasevicie@infoseek.co.jp,Non-binary,166.248.116.248
664,Adrienne,Pawelczyk,apawelczykif@columbia.edu,Female,154.3.106.59
665,Gayelord,Van der Daal,gvanderdaalig@zimbio.com,Male,142.202.233.183
666,Rafaello,Springthorp,rspringthorpih@indiegogo.com,Male,185.253.187.206
667,Zebadiah,Foard,zfoardii@godaddy.com,Male,96.93.11.91
668,Goldia,Yacobsohn,gyacobsohnij@wunderground.com,Female,4.222.69.6
669,Earvin,Thacker,ethackerik@shinystat.com,Male,242.27.139.246
670,Germana,Summerley,gsummerleyil@wikispaces.com,Female,210.208.42.225
671,Hedwig,Spilsbury,hspilsburyim@hubpages.com,Female,21.197.236.14
672,Jill,Shears,jshearsin@hatena.ne.jp,Female,14.218.68.0
673,Eddy,Edmunds,eedmundsio@tinyurl.com,Male,73.25.19.173
674,Rafa,Collihole,rcolliholeip@cnet.com,Female,37.253.125.87
675,Lutero,Di Antonio,ldiantonioiq@telegraph.co.uk,Male,23.98.47.228
676,Marsha,Kirstein,mkirsteinir@ox.ac.uk,Female,14.17.33.111
677,Stephanie,Eyers,seyersis@sitemeter.com,Female,179.224.11.53
678,Marcia,Levene,mleveneit@google.fr,Female,124.3.178.113
679,Haley,Rawls,hrawlsiu@cam.ac.uk,Female,192.228.120.209
680,Othilie,Tours,otoursiv@google.com.br,Female,236.114.166.202
681,Pincus,Bywater,pbywateriw@archive.org,Male,78.62.26.140
682,Candice,Reggio,creggioix@netvibes.com,Female,86.196.97.185
683,Ekaterina,Tureville,eturevilleiy@nbcnews.com,Female,142.159.161.23
684,Eadie,oldey,eoldeyiz@elpais.com,Female,72.20.239.190
685,Brooke,Loyd,bloydj0@usgs.gov,Male,72.197.1.161
686,Lek,Aslett,laslettj1@weibo.com,Male,22.241.59.142
687,Tiebout,Rosita,trositaj2@jugem.jp,Male,106.16.212.67
688,Dewie,Polak,dpolakj3@a8.net,Male,128.10.249.118
689,Valery,Torricella,vtorricellaj4@guardian.co.uk,Female,93.143.108.90
690,Barnard,Catterson,bcattersonj5@example.com,Male,14.117.69.143
691,Julian,Hufton,jhuftonj6@mayoclinic.com,Genderfluid,197.128.98.170
692,Devon,Empleton,dempletonj7@techcrunch.com,Female,231.138.44.121
693,Lucinda,Playfoot,lplayfootj8@nationalgeographic.com,Female,227.98.144.222
694,Ainslee,Mouncey,amounceyj9@shinystat.com,Female,134.144.162.133
695,Lavena,Vogt,lvogtja@craigslist.org,Female,242.73.158.64
696,Cacilia,Wickenden,cwickendenjb@arizona.edu,Female,169.113.58.76
697,Betteanne,Moncrieffe,bmoncrieffejc@ovh.net,Female,5.245.139.41
698,Beth,Oland,bolandjd@cargocollective.com,Female,241.218.225.129
699,Andrey,Jentle,ajentleje@eepurl.com,Male,233.137.182.45
700,Chrystal,Le Marquis,clemarquisjf@shinystat.com,Female,160.155.127.223
701,Sigismund,Simoens,ssimoensjg@hugedomains.com,Male,202.77.193.132
702,Egor,Yanin,eyaninjh@tripod.com,Male,255.103.168.118
703,Cecilius,Ciccarelli,cciccarelliji@typepad.com,Male,177.49.243.23
704,Elfie,Auchterlonie,eauchterloniejj@dropbox.com,Female,143.21.217.165
705,Brandi,Bellon,bbellonjk@seattletimes.com,Female,169.183.242.44
706,Almire,Lillegard,alillegardjl@amazonaws.com,Female,86.136.57.208
707,Maxie,Ramsdale,mramsdalejm@4shared.com,Male,44.79.171.79
708,Benita,Tilberry,btilberryjn@tripadvisor.com,Female,62.237.158.199
709,Burke,Bolwell,bbolwelljo@themeforest.net,Male,152.102.205.233
710,Keenan,Vayro,kvayrojp@domainmarket.com,Male,1.133.22.232
711,Deloris,Barthorpe,dbarthorpejq@ameblo.jp,Female,60.70.97.111
712,Samuel,Gaffer,sgafferjr@lycos.com,Male,137.131.127.163
713,Lemmy,Sperwell,lsperwelljs@independent.co.uk,Male,149.132.175.14
714,Hubie,Zieme,hziemejt@virginia.edu,Male,144.71.165.217
715,Hyman,Benez,hbenezju@seesaa.net,Male,115.212.5.163
716,Flss,McTavy,fmctavyjv@blogtalkradio.com,Female,152.58.189.240
717,Boyce,Rosenblum,brosenblumjw@xrea.com,Male,232.137.176.188
718,Walsh,Iwanowski,wiwanowskijx@zdnet.com,Male,20.198.244.153
719,Elihu,Abrahams,eabrahamsjy@google.ru,Male,114.156.221.34
720,Ichabod,Wickham,iwickhamjz@imgur.com,Male,29.207.186.48
721,Mechelle,Serraillier,mserraillierk0@over-blog.com,Female,140.55.231.105
722,Clarisse,Morphew,cmorphewk1@smh.com.au,Female,20.255.223.142
723,Hewitt,Hedman,hhedmank2@hp.com,Genderfluid,123.203.85.44
724,Donella,Le Borgne,dleborgnek3@census.gov,Female,171.241.45.88
725,Aaren,Hellard,ahellardk4@geocities.com,Female,41.239.186.89
726,Chandal,Barbera,cbarberak5@github.com,Female,155.46.116.251
727,Michele,Wahlberg,mwahlbergk6@is.gd,Female,55.162.35.19
728,Hamid,Clow,hclowk7@networksolutions.com,Male,123.104.17.80
729,Jorge,Ainslie,jainsliek8@clickbank.net,Male,94.214.85.81
730,Arielle,Gersam,agersamk9@dyndns.org,Female,93.119.54.237
731,Munmro,Suttaby,msuttabyka@zdnet.com,Male,97.134.198.175
732,Garrot,Glastonbury,gglastonburykb@yandex.ru,Male,166.94.148.38
733,Hew,Feldhuhn,hfeldhuhnkc@abc.net.au,Bigender,15.38.84.232
734,Lionello,Martinho,lmartinhokd@nationalgeographic.com,Male,150.190.94.103
735,Marline,Rawlence,mrawlenceke@about.me,Female,125.252.40.51
736,Kyla,Gooderick,kgooderickkf@wikia.com,Female,164.16.54.192
737,Winifred,Stearns,wstearnskg@altervista.org,Female,22.143.134.100
738,Reube,Stennet,rstennetkh@wordpress.org,Male,52.53.227.133
739,Stace,Curwood,scurwoodki@dedecms.com,Female,127.30.94.102
740,Kinna,MacAnellye,kmacanellyekj@adobe.com,Female,22.225.213.6
741,Florian,Yearsley,fyearsleykk@walmart.com,Male,208.123.182.65
742,Packston,Demongeot,pdemongeotkl@mayoclinic.com,Male,88.36.128.99
743,Karrah,Scrauniage,kscrauniagekm@yandex.ru,Genderfluid,35.27.232.69
744,Ximenez,Stormes,xstormeskn@cbsnews.com,Male,144.72.110.171
745,Reube,Chandler,rchandlerko@sohu.com,Male,78.31.226.81
746,Danny,Rubinivitz,drubinivitzkp@privacy.gov.au,Female,228.20.192.26
747,Dorrie,Jepson,djepsonkq@booking.com,Female,56.153.179.42
748,Nikolai,Albasini,nalbasinikr@123-reg.co.uk,Male,146.133.57.189
749,Conant,Stollenhof,cstollenhofks@mlb.com,Male,138.80.126.149
750,Andrew,Narraway,anarrawaykt@desdev.cn,Male,64.30.87.85
751,Loreen,Tirrell,ltirrellku@harvard.edu,Female,59.214.81.0
752,Thacher,De Clairmont,tdeclairmontkv@cdbaby.com,Male,33.102.211.28
753,Tristan,Bee,tbeekw@geocities.com,Male,10.205.89.144
754,Culver,Romayn,cromaynkx@typepad.com,Male,185.230.215.111
755,Maison,Springtorpe,mspringtorpeky@google.fr,Male,51.74.109.10
756,Basil,Filler,bfillerkz@hud.gov,Male,156.69.93.209
757,Patrizio,Sweeney,psweeneyl0@ameblo.jp,Non-binary,123.191.16.181
758,Donny,Geraldo,dgeraldol1@chron.com,Female,130.230.220.193
759,Nobie,Threlkeld,nthrelkeldl2@usa.gov,Male,180.4.179.14
760,Shepard,D'Souza,sdsouzal3@canalblog.com,Male,233.100.187.236
761,Phebe,Windaybank,pwindaybankl4@examiner.com,Female,215.192.192.94
762,Willa,Schiementz,wschiementzl5@amazon.co.jp,Female,231.31.135.52
763,Giacinta,Livard,glivardl6@cnbc.com,Female,132.146.214.38
764,Jerri,Farnfield,jfarnfieldl7@bbb.org,Male,9.47.255.160
765,Timoteo,Brindle,tbrindlel8@walmart.com,Non-binary,140.20.241.114
766,Richart,Salzberg,rsalzbergl9@omniture.com,Male,225.70.250.246
767,Roby,McArd,rmcardla@mapy.cz,Female,239.96.11.113
768,Osborne,Bothie,obothielb@elpais.com,Male,83.186.186.12
769,Merv,Gaitley,mgaitleylc@behance.net,Male,146.172.109.48
770,Jesus,Darby,jdarbyld@bloglovin.com,Male,159.137.250.102
771,Terri,Braunton,tbrauntonle@stumbleupon.com,Male,94.1.170.69
772,Blayne,Karoly,bkarolylf@baidu.com,Male,90.235.231.127
773,Tate,Shorte,tshortelg@baidu.com,Male,238.13.60.176
774,Ronni,Legrand,rlegrandlh@jiathis.com,Female,166.139.164.231
775,York,Underhill,yunderhillli@techcrunch.com,Male,211.115.161.249
776,Caron,Terbruggen,cterbruggenlj@naver.com,Female,223.71.243.48
777,Hardy,Griswaite,hgriswaitelk@twitter.com,Male,51.73.166.73
778,Tybi,Yonnie,tyonniell@ihg.com,Female,221.141.67.168
779,Van,Meneer,vmeneerlm@twitpic.com,Female,53.15.89.237
780,Bay,Birkbeck,bbirkbeckln@google.cn,Genderfluid,3.154.100.19
781,Geordie,Jodrelle,gjodrellelo@utexas.edu,Polygender,181.227.160.225
782,Earl,Mussen,emussenlp@biblegateway.com,Male,152.21.11.69
783,Ring,Clarke,rclarkelq@nifty.com,Male,223.124.121.50
784,Allissa,Bewick,abewicklr@acquirethisname.com,Female,27.124.109.12
785,Wanids,Potte,wpottels@princeton.edu,Female,60.108.36.206
786,Karoly,Glanester,kglanesterlt@umn.edu,Male,75.209.135.223
787,Gale,Murrhardt,gmurrhardtlu@cbsnews.com,Female,94.213.163.145
788,Ermengarde,Humble,ehumblelv@tinyurl.com,Bigender,117.114.205.85
789,Michaelina,Harkins,mharkinslw@mozilla.com,Female,28.209.120.144
790,Roxana,Edlington,redlingtonlx@mlb.com,Female,241.133.16.76
791,See,Betteney,sbetteneyly@indiatimes.com,Male,165.114.39.57
792,Berke,Stubbeley,bstubbeleylz@indiatimes.com,Male,115.239.240.57
793,Janeta,McGready,jmcgreadym0@google.ru,Female,175.68.103.97
794,Wit,Bendall,wbendallm1@devhub.com,Male,225.112.37.198
795,Ian,Wilbor,iwilborm2@opensource.org,Male,114.22.231.209
796,Ernaline,Tompion,etompionm3@bloomberg.com,Female,40.1.24.16
797,Morlee,Glidden,mgliddenm4@so-net.ne.jp,Male,160.208.127.208
798,Sheree,Hadye,shadyem5@privacy.gov.au,Female,121.45.110.107
799,Brandie,Lorraine,blorrainem6@hc360.com,Female,252.120.247.41
800,Adrienne,Egarr,aegarrm7@un.org,Female,196.186.3.5
801,Ritchie,Novelli,rnovellim8@theatlantic.com,Male,73.85.197.23
802,Margaret,Sieghard,msieghardm9@dot.gov,Female,186.38.234.202
803,Sarine,Rebeiro,srebeiroma@dell.com,Female,128.112.87.102
804,Renae,Colles,rcollesmb@ehow.com,Female,108.195.117.231
805,Conrado,Franzonello,cfranzonellomc@quantcast.com,Male,195.15.112.116
806,Brandie,Sadler,bsadlermd@hc360.com,Female,197.92.139.144
807,Yolande,Goldsworthy,ygoldsworthyme@homestead.com,Female,110.165.169.238
808,Mufinella,Corderoy,mcorderoymf@google.nl,Genderqueer,124.102.246.122
809,Laraine,Attwoull,lattwoullmg@rambler.ru,Genderfluid,181.184.53.201
810,Cristy,Hallyburton,challyburtonmh@go.com,Polygender,11.129.193.168
811,Sheelagh,McTague,smctaguemi@twitpic.com,Female,125.51.169.67
812,Michel,Mc-Kerley,mmckerleymj@webs.com,Female,52.106.202.198
813,Igor,Bridgman,ibridgmanmk@businessinsider.com,Male,249.224.133.238
814,Thoma,Evershed,tevershedml@freewebs.com,Male,194.55.133.154
815,Staci,Petzolt,spetzoltmm@whitehouse.gov,Female,218.129.81.220
816,Layne,Keddle,lkeddlemn@parallels.com,Polygender,101.159.210.139
817,Lanie,McIleen,lmcileenmo@barnesandnoble.com,Female,67.117.43.123
818,Virginia,Klimov,vklimovmp@simplemachines.org,Female,255.32.52.190
819,Nobie,Yoell,nyoellmq@webs.com,Male,231.67.72.101
820,Kaine,Scaddon,kscaddonmr@wunderground.com,Male,44.112.184.95
821,Terencio,Brimham,tbrimhamms@oakley.com,Male,2.228.36.63
822,Mireille,Lill,mlillmt@berkeley.edu,Female,186.231.118.159
823,Margaretha,Lucus,mlucusmu@senate.gov,Female,17.207.79.174
824,Verina,Clinkard,vclinkardmv@patch.com,Female,197.233.98.34
825,Hercules,Brittin,hbrittinmw@shareasale.com,Male,46.83.187.58
826,Cece,Camell,ccamellmx@disqus.com,Male,117.226.78.209
827,Andres,Figgures,afigguresmy@indiatimes.com,Male,28.55.181.180
828,Tamar,Munsey,tmunseymz@php.net,Bigender,43.72.187.168
829,Erika,MacCallester,emaccallestern0@vimeo.com,Female,91.33.131.146
830,Abel,Mouton,amoutonn1@yandex.ru,Male,247.181.176.212
831,Andre,Vardon,avardonn2@hibu.com,Male,31.187.43.123
832,Madge,Baldree,mbaldreen3@livejournal.com,Female,108.114.73.148
833,Libby,Gartland,lgartlandn4@plala.or.jp,Female,253.110.56.251
834,Hephzibah,Dachs,hdachsn5@de.vu,Female,192.158.149.131
835,Zaccaria,Tarry,ztarryn6@drupal.org,Male,109.43.251.89
836,Fairfax,Cudd,fcuddn7@msn.com,Male,254.201.7.114
837,Nappie,Vasey,nvaseyn8@hc360.com,Male,68.17.200.229
838,Faith,Larciere,flarcieren9@ft.com,Female,235.122.225.166
839,Thorsten,Ferriere,tferrierena@tripadvisor.com,Male,253.237.112.179
840,Tabb,Clemmitt,tclemmittnb@lulu.com,Male,24.148.224.151
841,Daryn,Gonzalo,dgonzalonc@intel.com,Female,85.253.85.78
842,Shepard,Chastang,schastangnd@mashable.com,Male,28.149.211.212
843,Gustie,Tolman,gtolmanne@microsoft.com,Female,8.62.19.166
844,Alberik,McCleary,amcclearynf@dropbox.com,Male,78.50.221.54
845,Reagen,Prangley,rprangleyng@myspace.com,Male,42.66.216.240
846,Melesa,Capener,mcapenernh@intel.com,Female,173.147.190.16
847,Ileana,Laybourne,ilaybourneni@hatena.ne.jp,Bigender,85.156.105.48
848,Stillmann,Bryns,sbrynsnj@ask.com,Male,193.14.216.240
849,Annis,Bernardino,abernardinonk@europa.eu,Female,18.112.126.107
850,Valry,Bultitude,vbultitudenl@so-net.ne.jp,Female,223.94.251.182
851,Currie,Mulmuray,cmulmuraynm@51.la,Genderqueer,125.213.43.249
852,Mabel,Kildahl,mkildahlnn@last.fm,Female,210.43.184.181
853,Kylie,Van der Hoven,kvanderhovenno@yellowpages.com,Bigender,132.129.207.71
854,Natty,Catonne,ncatonnenp@acquirethisname.com,Male,198.100.184.111
855,Ewart,Lumsdon,elumsdonnq@time.com,Male,84.32.194.236
856,Alberta,Birdall,abirdallnr@123-reg.co.uk,Female,2.246.69.1
857,Robinett,Burgise,rburgisens@techcrunch.com,Female,21.160.220.212
858,Gwenni,MacAleese,gmacaleesent@macromedia.com,Female,142.217.62.138
859,Chrysler,Whyke,cwhykenu@dion.ne.jp,Female,143.151.141.157
860,Noland,Poxon,npoxonnv@1und1.de,Male,103.67.171.77
861,Graeme,Gianninotti,ggianninottinw@slideshare.net,Male,222.132.25.140
862,Barnaby,Yakebovitch,byakebovitchnx@addtoany.com,Male,44.181.156.104
863,Eberto,Minshall,eminshallny@wordpress.org,Male,103.85.27.166
864,Elia,Bolstridge,ebolstridgenz@vimeo.com,Bigender,222.22.37.105
865,Jeana,O'Dempsey,jodempseyo0@goo.gl,Female,166.93.97.125
866,Bonnie,Trayford,btrayfordo1@slate.com,Female,103.203.79.248
867,Nani,Kaminski,nkaminskio2@over-blog.com,Female,97.158.6.100
868,Thekla,Claypool,tclaypoolo3@liveinternet.ru,Female,54.63.111.158
869,Noreen,Cutajar,ncutajaro4@mashable.com,Female,54.90.31.184
870,Chandra,Littleproud,clittleproudo5@ovh.net,Female,166.214.142.106
871,Cristen,Impson,cimpsono6@clickbank.net,Female,209.132.115.80
872,Iggie,Drillingcourt,idrillingcourto7@shinystat.com,Male,169.151.200.28
873,Riobard,Triplow,rtriplowo8@twitter.com,Male,72.37.67.16
874,Katee,Kinnach,kkinnacho9@wisc.edu,Female,57.97.220.16
875,Donelle,Morbey,dmorbeyoa@nymag.com,Female,4.255.251.110
876,Marina,Fantini,mfantiniob@chron.com,Female,127.232.222.50
877,Ezechiel,Barrabeale,ebarrabealeoc@sciencedaily.com,Male,22.43.74.124
878,Ynez,Mattiacci,ymattiacciod@live.com,Female,187.214.214.118
879,Karl,Esbrook,kesbrookoe@webs.com,Male,96.172.255.103
880,Jessy,Roskelley,jroskelleyof@dagondesign.com,Female,63.105.131.45
881,Olvan,Wolffers,owolffersog@vistaprint.com,Male,23.62.112.27
882,Galvin,Rushton,grushtonoh@de.vu,Male,121.28.188.195
883,Travus,Kitman,tkitmanoi@china.com.cn,Male,120.207.190.59
884,Merry,McClory,mmccloryoj@moonfruit.com,Male,163.14.244.158
885,Jaquelin,Kures,jkuresok@paginegialle.it,Female,23.55.42.16
886,Marvin,Pettigree,mpettigreeol@xrea.com,Male,34.134.51.226
887,Bram,Skep,bskepom@webmd.com,Male,180.49.255.47
888,Maia,MacKnocker,mmacknockeron@ted.com,Female,54.193.222.250
889,Julina,Childers,jchildersoo@pinterest.com,Female,230.17.12.18
890,Stacy,Rooms,sroomsop@ftc.gov,Female,60.127.29.123
891,Yasmin,Luggar,yluggaroq@google.nl,Female,9.47.88.19
892,Vern,Ackred,vackredor@ox.ac.uk,Male,251.254.110.47
893,Correy,Polleye,cpolleyeos@uol.com.br,Female,21.22.15.229
894,Shir,Goreway,sgorewayot@bloglines.com,Female,0.141.6.77
895,Bartholomeus,Monelle,bmonelleou@umn.edu,Genderfluid,225.172.238.31
896,Baird,Scowen,bscowenov@mediafire.com,Male,8.81.89.5
897,Rhea,Salliere,rsalliereow@slideshare.net,Genderqueer,104.32.126.46
898,Suzy,Redhead,sredheadox@marriott.com,Female,165.120.79.130
899,Wenda,Tumioto,wtumiotooy@over-blog.com,Female,113.233.119.235
900,Milli,Oliff,moliffoz@wix.com,Female,203.222.237.192
901,Kaylee,Rhoades,krhoadesp0@trellian.com,Female,238.73.66.68
902,Vanya,Lyokhin,vlyokhinp1@de.vu,Male,179.169.232.62
903,Joell,Insko,jinskop2@oaic.gov.au,Female,226.219.107.49
904,Karine,Ilchuk,kilchukp3@i2i.jp,Female,254.245.75.108
905,Nicole,Danielli,ndaniellip4@amazon.de,Female,219.222.121.59
906,Gill,Danshin,gdanshinp5@boston.com,Female,249.107.247.124
907,Elsa,Corteis,ecorteisp6@hp.com,Female,114.52.219.3
908,Siffre,Filipov,sfilipovp7@statcounter.com,Male,234.157.77.15
909,Daryl,Livsey,dlivseyp8@mapquest.com,Genderfluid,212.166.233.121
910,Marve,Pyson,mpysonp9@biglobe.ne.jp,Male,49.63.140.236
911,Karlen,Critzen,kcritzenpa@parallels.com,Female,97.132.104.214
912,Aleda,Cursey,acurseypb@fda.gov,Polygender,244.172.2.96
913,Susanna,Tonkin,stonkinpc@noaa.gov,Non-binary,208.66.190.37
914,Cory,Meatyard,cmeatyardpd@ox.ac.uk,Male,67.75.195.96
915,Emanuele,Borland,eborlandpe@sciencedirect.com,Male,143.152.227.12
916,Carling,Steward,cstewardpf@spiegel.de,Male,54.95.35.30
917,Kimmie,Conre,kconrepg@google.nl,Female,72.153.73.113
918,Dniren,Scamadin,dscamadinph@google.com.br,Female,198.136.196.200
919,Chicky,Papierz,cpapierzpi@about.com,Genderqueer,191.78.149.233
920,Xylia,Asling,xaslingpj@imageshack.us,Polygender,14.46.217.65
921,Kath,Rizzo,krizzopk@domainmarket.com,Agender,28.80.202.83
922,Nicola,Ellar,nellarpl@sina.com.cn,Genderqueer,103.79.44.84
923,Birk,McKane,bmckanepm@cocolog-nifty.com,Male,154.164.128.81
924,Daron,McVrone,dmcvronepn@linkedin.com,Male,104.179.75.64
925,Harley,Caughtry,hcaughtrypo@posterous.com,Male,90.247.102.165
926,Ram,McGerr,rmcgerrpp@blogtalkradio.com,Male,145.76.81.4
927,Josias,Wolverson,jwolversonpq@army.mil,Male,196.28.246.57
928,Ned,Berthome,nberthomepr@mapquest.com,Male,181.0.180.160
929,Murvyn,Reymers,mreymersps@slideshare.net,Male,218.141.101.235
930,Jamil,Croom,jcroompt@printfriendly.com,Male,181.156.119.120
931,Gertrude,Tandey,gtandeypu@wsj.com,Female,139.168.54.173
932,Daune,Suttle,dsuttlepv@tinyurl.com,Bigender,168.173.50.35
933,Cyndi,Hauxwell,chauxwellpw@cpanel.net,Female,0.131.72.144
934,Chester,Kielt,ckieltpx@sfgate.com,Male,31.138.211.70
935,Sergent,Geale,sgealepy@biblegateway.com,Male,212.163.127.125
936,Grannie,Vegas,gvegaspz@biglobe.ne.jp,Bigender,131.198.11.77
937,Adel,Aspole,aaspoleq0@google.ru,Female,24.203.247.35
938,Warner,Howford,whowfordq1@devhub.com,Male,51.105.54.164
939,Dodie,Stone Fewings,dstonefewingsq2@comcast.net,Female,150.88.0.163
940,Kylen,Civitillo,kcivitilloq3@soup.io,Female,185.164.65.199
941,Keelia,Piche,kpicheq4@nba.com,Female,112.230.55.216
942,Molli,Grabbam,mgrabbamq5@shutterfly.com,Female,115.161.141.42
943,Tabitha,Dale,tdaleq6@tripadvisor.com,Female,21.94.49.95
944,Maryann,Lackney,mlackneyq7@discuz.net,Female,219.90.202.200
945,Mayor,Bollins,mbollinsq8@discuz.net,Male,250.199.225.73
946,Nita,Gwinnel,ngwinnelq9@wp.com,Female,88.18.40.248
947,Elvina,Curr,ecurrqa@csmonitor.com,Female,3.196.190.122
948,Lina,Compton,lcomptonqb@samsung.com,Female,194.33.13.22
949,Georgianna,Lockyear,glockyearqc@google.de,Female,76.241.205.146
950,Gabriel,Espasa,gespasaqd@a8.net,Polygender,191.242.3.215
951,Darelle,Domenichelli,ddomenichelliqe@apple.com,Female,107.235.115.220
952,Suzette,Snalom,ssnalomqf@opera.com,Female,131.61.129.213
953,Adriena,Boome,aboomeqg@google.com.hk,Female,156.172.145.52
954,Janos,Franzolini,jfranzoliniqh@bloglines.com,Male,30.3.133.82
955,Siobhan,Rymour,srymourqi@oaic.gov.au,Female,125.79.80.136
956,Danette,Joskowicz,djoskowiczqj@reddit.com,Bigender,168.141.35.228
957,Winston,Fone,wfoneqk@independent.co.uk,Male,133.208.14.131
958,Rhianna,Blackall,rblackallql@theguardian.com,Female,204.12.3.241
959,Ancell,Blackster,ablacksterqm@go.com,Male,205.199.118.58
960,Christel,Attoc,cattocqn@prnewswire.com,Polygender,16.242.183.45
961,Kaylyn,Langland,klanglandqo@uol.com.br,Non-binary,236.81.71.150
962,Masha,Berget,mbergetqp@trellian.com,Female,146.132.22.191
963,Bianca,Monteath,bmonteathqq@unblog.fr,Female,183.144.101.171
964,Konstantin,Lomond,klomondqr@examiner.com,Male,48.129.131.227
965,Darla,Cottill,dcottillqs@github.com,Female,113.10.65.147
966,Yankee,Lewry,ylewryqt@redcross.org,Male,56.229.134.188
967,Kylie,Rickman,krickmanqu@de.vu,Male,178.248.94.213
968,Ameline,Lestor,alestorqv@constantcontact.com,Female,129.68.123.215
969,Arielle,Gould,agouldqw@apache.org,Female,161.168.128.111
970,Raffarty,De Mars,rdemarsqx@sogou.com,Non-binary,43.31.77.199
971,Annette,Tebboth,atebbothqy@tripadvisor.com,Polygender,24.139.54.172
972,Reinwald,Paulot,rpaulotqz@mozilla.com,Male,25.10.2.186
973,Bram,Brettelle,bbretteller0@sakura.ne.jp,Male,213.165.12.93
974,Lem,MacCome,lmaccomer1@discovery.com,Male,195.19.43.133
975,Ed,Durden,edurdenr2@so-net.ne.jp,Male,227.172.231.117
976,Kaitlynn,Boswell,kboswellr3@telegraph.co.uk,Female,5.128.127.214
977,Witty,Batters,wbattersr4@sakura.ne.jp,Male,43.235.239.226
978,Raeann,Mushet,rmushetr5@youtu.be,Female,235.174.0.30
979,Robbert,Haslam,rhaslamr6@flickr.com,Male,223.225.11.71
980,Raymond,Dawdry,rdawdryr7@canalblog.com,Male,59.4.144.146
981,Joela,Nairn,jnairnr8@scientificamerican.com,Female,244.49.94.176
982,Rogers,Rosewall,rrosewallr9@behance.net,Male,188.221.58.41
983,Verile,Branno,vbrannora@artisteer.com,Female,212.115.30.149
984,Dun,Kundt,dkundtrb@myspace.com,Male,209.97.7.163
985,Vitoria,Matheson,vmathesonrc@addthis.com,Female,135.250.16.8
986,Khalil,Gorger,kgorgerrd@symantec.com,Male,82.238.231.142
987,Nichols,Bonn,nbonnre@hubpages.com,Male,231.225.116.186
988,Angelita,Van der Daal,avanderdaalrf@techcrunch.com,Female,124.175.94.143
989,Sorcha,Batram,sbatramrg@arizona.edu,Female,24.163.169.122
990,Zacharie,Tebbitt,ztebbittrh@forbes.com,Male,157.173.92.235
991,Nathalia,Easum,neasumri@disqus.com,Female,145.51.106.87
992,Grace,Illing,gillingrj@engadget.com,Bigender,131.25.100.126
993,Antonio,Buyers,abuyersrk@163.com,Male,71.230.57.2
994,Lurlene,Cattonnet,lcattonnetrl@utexas.edu,Female,47.135.80.6
995,Bab,Bernadot,bbernadotrm@fc2.com,Female,253.231.147.189
996,Antoinette,Gowan,agowanrn@ucsd.edu,Female,201.55.68.113
997,Paulina,Bello,pbelloro@51.la,Female,192.179.113.62
998,Vladimir,Slott,vslottrp@ox.ac.uk,Male,48.181.49.15
999,Perkin,Rosencwaig,prosencwaigrq@moonfruit.com,Male,100.90.140.103
1000,Sephira,O'Lynn,solynnrr@topsy.com,Female,234.254.105.246
