id,first_name,last_name,email,gender,ip_address
1,Munroe,Doumerc,mdoumerc0@canalblog.com,Male,184.255.103.31
2,Hilde,Braisher,hbraisher1@yellowbook.com,Female,180.7.37.218
3,Waneta,Snawdon,wsnawdon2@weebly.com,Polygender,255.159.23.12
4,Germayne,Mehew,gmehew3@storify.com,Male,45.29.136.15
5,Jacquenetta,Gladding,jgladding4@google.com.hk,Female,207.159.56.96
6,Rozelle,Sebright,rsebright5@independent.co.uk,Female,245.252.199.81
7,Trude,Vittet,tvittet6@icio.us,Female,49.230.44.131
8,Ware,Coolson,wcoolson7@twitter.com,Male,136.101.38.217
9,Annabella,MacLaverty,amaclaverty8@apple.com,Female,213.86.20.185
10,Kalina,de Guise,kdeguise9@umn.edu,Female,52.164.218.13
11,Rudie,Buckerfield,rbuckerfielda@kickstarter.com,Male,71.91.10.47
12,Candra,McGaffey,cmcgaffeyb@comsenz.com,Female,55.46.33.80
13,Jewel,Coldwell,jcoldwellc@cdc.gov,Female,221.133.9.171
14,Jermain,Fitzsymons,jfitzsymonsd@altervista.org,Male,26.232.59.50
15,Roosevelt,Bogie,rbogiee@dailymail.co.uk,Non-binary,29.201.15.100
16,Denyse,Yeldham,dyeldhamf@mapquest.com,Female,200.173.226.254
17,Northrop,Keunemann,nkeunemanng@xinhuanet.com,Male,207.108.41.126
18,Rodney,Bullent,rbullenth@europa.eu,Male,202.134.26.10
19,Kristofer,Youthed,kyouthedi@alibaba.com,Male,132.87.77.225
20,Ivy,Wheeldon,iwheeldonj@usda.gov,Female,105.95.48.22
21,Lynda,Belf,lbelfk@cnbc.com,Female,255.107.20.149
22,Tybie,Pimbley,tpimbleyl@boston.com,Female,42.110.35.38
23,Berti,Pendell,bpendellm@msu.edu,Male,198.38.167.244
24,Lyndsey,Edeler,ledelern@cloudflare.com,Female,183.99.2.62
25,Anthe,Mattiazzi,amattiazzio@chicagotribune.com,Female,206.20.81.18
26,Lindy,Hubbocks,lhubbocksp@cam.ac.uk,Female,74.229.6.193
27,Merrilee,Lyfe,mlyfeq@ucsd.edu,Female,97.121.154.74
28,Locke,Chamney,lchamneyr@google.pl,Male,204.108.99.39
29,Engelbert,Allred,eallreds@joomla.org,Male,101.176.46.87
30,Enrichetta,Penhaleurack,epenhaleurackt@constantcontact.com,Female,171.245.111.249
31,Kristyn,Cochet,kcochetu@geocities.jp,Female,51.186.4.77
32,Chen,Mora,cmorav@discovery.com,Male,34.117.63.72
33,Silvia,Sherme,sshermew@nba.com,Female,79.249.163.214
34,Welsh,Conneely,wconneelyx@naver.com,Agender,203.179.9.58
35,Lennie,Botwood,lbotwoody@unc.edu,Male,207.245.137.249
36,Milly,Mahmood,mmahmoodz@google.co.uk,Female,173.236.161.72
37,Ayn,Blackly,ablackly10@weibo.com,Female,18.86.9.42
38,Obed,Cobain,ocobain11@squidoo.com,Agender,223.119.45.152
39,Emile,Sibbet,esibbet12@whitehouse.gov,Male,147.253.88.164
40,Fleur,Woofenden,fwoofenden13@eepurl.com,Female,77.80.160.156
41,Randi,Linebarger,rlinebarger14@boston.com,Genderfluid,96.50.29.217
42,Mikael,Alejandri,malejandri15@barnesandnoble.com,Male,206.22.63.152
43,Herbert,Greated,hgreated16@bloomberg.com,Male,253.170.245.152
44,Ramsey,Lymbourne,rlymbourne17@mozilla.com,Male,246.74.43.144
45,Dyanna,Tosney,dtosney18@sitemeter.com,Female,38.18.81.236
46,Scot,Cranch,scranch19@unesco.org,Male,151.122.185.95
47,Adi,Ellwood,aellwood1a@zdnet.com,Female,34.169.69.99
48,Darill,Khomin,dkhomin1b@google.pl,Male,249.187.117.182
49,Allistir,Aikenhead,aaikenhead1c@senate.gov,Male,69.204.40.220
50,Eduardo,Duncanson,eduncanson1d@freewebs.com,Male,166.168.159.10
51,Joyce,Eckhard,jeckhard1e@latimes.com,Female,85.153.109.99
52,Claresta,Overland,coverland1f@omniture.com,Female,226.29.222.206
53,Rudyard,Fynes,rfynes1g@addthis.com,Male,103.89.235.255
54,Zondra,Geistbeck,zgeistbeck1h@netscape.com,Non-binary,43.171.33.65
55,May,Orteaux,morteaux1i@odnoklassniki.ru,Female,240.221.33.200
56,Elmira,Gonnet,egonnet1j@bloglovin.com,Female,106.86.60.83
57,Malachi,Ashby,mashby1k@kickstarter.com,Male,250.7.8.38
58,Cindie,Miliffe,cmiliffe1l@cdbaby.com,Female,89.141.163.113
59,Free,Sorton,fsorton1m@google.it,Agender,183.197.35.42
60,Jayme,Densey,jdensey1n@bloglines.com,Male,57.235.39.33
61,Page,Calow,pcalow1o@about.me,Female,72.89.235.2
62,Ethan,Gostage,egostage1p@elegantthemes.com,Male,102.26.172.246
63,Byran,Cusworth,bcusworth1q@google.de,Male,27.180.133.41
64,Simone,Gitthouse,sgitthouse1r@soup.io,Male,159.59.152.194
65,Michel,Creevy,mcreevy1s@newyorker.com,Female,139.71.53.127
66,Hansiain,Halwill,hhalwill1t@github.com,Male,46.113.237.147
67,Cassandra,Scullin,cscullin1u@hhs.gov,Female,53.216.110.6
68,Burg,Bane,bbane1v@biblegateway.com,Male,132.104.155.40
69,Halimeda,Lovering,hlovering1w@nasa.gov,Female,135.108.110.203
70,Marshal,Vobes,mvobes1x@wsj.com,Male,173.209.199.34
71,Eb,Pedrol,epedrol1y@tiny.cc,Male,58.171.33.94
72,Hanni,Morphet,hmorphet1z@1688.com,Female,105.233.147.129
73,Jamie,Nesterov,jnesterov20@livejournal.com,Polygender,76.201.34.236
74,Artemus,Gages,agages21@sitemeter.com,Male,20.154.54.184
75,Mignonne,Betonia,mbetonia22@msu.edu,Polygender,238.153.193.100
76,Darla,Durnell,ddurnell23@redcross.org,Female,195.88.129.252
77,Stan,Baynom,sbaynom24@tinypic.com,Male,195.151.15.199
78,Pru,Grugerr,pgrugerr25@gmpg.org,Female,180.206.122.189
79,Farah,Scotsbrook,fscotsbrook26@reddit.com,Female,123.85.18.225
80,Hynda,Vinnick,hvinnick27@geocities.com,Female,225.6.135.136
81,Adham,Jelliman,ajelliman28@seesaa.net,Male,63.165.199.159
82,Dulciana,Seckom,dseckom29@infoseek.co.jp,Agender,241.65.149.64
83,Augy,Boatswain,aboatswain2a@foxnews.com,Male,53.223.183.23
84,Garner,Sworn,gsworn2b@bravesites.com,Male,85.18.205.113
85,Melitta,Skeech,mskeech2c@netvibes.com,Female,210.25.185.135
86,Chadd,Paydon,cpaydon2d@mapquest.com,Male,21.204.231.209
87,Bud,Irnys,birnys2e@e-recht24.de,Male,55.88.14.0
88,Ximenes,Gillies,xgillies2f@com.com,Male,37.184.121.20
89,Karlyn,Coggeshall,kcoggeshall2g@mapy.cz,Female,169.125.122.167
90,Gaelan,Calveley,gcalveley2h@comcast.net,Non-binary,214.173.57.58
91,Brion,Yeude,byeude2i@unblog.fr,Male,162.195.135.151
92,Barron,Dussy,bdussy2j@umich.edu,Male,21.79.122.137
93,Susie,Crauford,scrauford2k@mozilla.com,Female,52.170.233.3
94,Abdul,Wink,awink2l@go.com,Male,76.117.252.238
95,Flory,Lightoller,flightoller2m@ehow.com,Male,217.84.16.1
96,Currie,Craw,ccraw2n@symantec.com,Male,81.176.151.242
97,Spence,Reston,sreston2o@blinklist.com,Male,66.83.130.164
98,Mimi,Spondley,mspondley2p@typepad.com,Female,152.205.50.102
99,Clarissa,Fiske,cfiske2q@360.cn,Female,9.53.240.60
100,Port,Knights,pknights2r@tamu.edu,Male,164.74.202.93
101,Gottfried,Godehard.sf,ggodehardsf2s@usa.gov,Male,173.61.36.206
102,Lorry,Tzuker,ltzuker2t@zimbio.com,Male,201.204.246.218
103,Mateo,Labb,mlabb2u@macromedia.com,Male,145.108.11.204
104,Pinchas,Cubbinelli,pcubbinelli2v@toplist.cz,Male,236.233.1.110
105,Valeda,MacCard,vmaccard2w@msu.edu,Female,59.16.56.244
106,Matelda,Bodleigh,mbodleigh2x@youtu.be,Female,212.75.254.75
107,Jaclin,Embury,jembury2y@mapquest.com,Female,197.17.107.40
108,Austin,Hedan,ahedan2z@jalbum.net,Female,23.29.219.203
109,Hatty,Guilayn,hguilayn30@arstechnica.com,Female,120.192.111.140
110,Cheslie,Trinkwon,ctrinkwon31@sciencedirect.com,Female,61.228.22.175
111,Paul,Lamborn,plamborn32@dagondesign.com,Non-binary,12.249.79.39
112,Ana,Haton,ahaton33@spotify.com,Female,103.51.63.109
113,Corry,Mengue,cmengue34@jigsy.com,Female,17.39.20.45
114,Alexandro,McLese,amclese35@behance.net,Male,5.134.143.211
115,Eddy,Vernon,evernon36@deviantart.com,Male,179.188.190.104
116,Antonin,Grundey,agrundey37@cocolog-nifty.com,Male,8.172.16.48
117,Philis,Truelock,ptruelock38@jugem.jp,Female,239.17.12.170
118,Gaelan,Salmond,gsalmond39@scribd.com,Male,115.40.225.246
119,Sidoney,Tunnow,stunnow3a@nbcnews.com,Female,239.247.78.241
120,Brendin,Bouldstridge,bbouldstridge3b@ibm.com,Male,52.77.94.140
121,Fredrick,Malkinson,fmalkinson3c@instagram.com,Non-binary,138.216.26.183
122,Durward,Spilsted,dspilsted3d@wisc.edu,Male,38.36.209.241
123,Nina,Rowell,nrowell3e@skype.com,Female,103.69.4.95
124,Jemie,Lisimore,jlisimore3f@theglobeandmail.com,Female,250.167.44.3
125,Catlaina,Whoston,cwhoston3g@wix.com,Female,19.126.40.99
126,Tucky,Haseman,thaseman3h@redcross.org,Male,158.143.36.174
127,Briant,Ettery,bettery3i@patch.com,Male,127.50.49.17
128,Merla,Evensden,mevensden3j@oaic.gov.au,Female,117.143.58.102
129,Shermie,O'Hartnett,sohartnett3k@ftc.gov,Male,192.199.235.69
130,Jedidiah,Everingham,jeveringham3l@statcounter.com,Male,186.236.47.119
131,Sauncho,Zukierman,szukierman3m@desdev.cn,Male,133.10.28.116
132,Rutter,McCullen,rmccullen3n@icq.com,Male,46.247.221.132
133,Rawley,Cossell,rcossell3o@who.int,Male,66.199.176.34
134,Ferdinand,Silvermann,fsilvermann3p@google.ru,Male,142.179.91.14
135,Nannie,Legan,nlegan3q@discovery.com,Female,71.140.88.80
136,Stefano,Gloy,sgloy3r@twitter.com,Male,45.205.41.51
137,Lory,Caldicott,lcaldicott3s@themeforest.net,Female,194.112.227.1
138,Archy,Penswick,apenswick3t@arstechnica.com,Male,200.43.223.185
139,Samara,Dorber,sdorber3u@uiuc.edu,Female,70.2.85.162
140,Kate,Higounet,khigounet3v@alibaba.com,Female,129.237.83.186
141,Edie,Prescot,eprescot3w@loc.gov,Female,10.17.87.228
142,Gordon,Frankish,gfrankish3x@jigsy.com,Male,13.121.117.198
143,Ilene,Batchelor,ibatchelor3y@yolasite.com,Female,44.49.1.164
144,Zeb,Speake,zspeake3z@livejournal.com,Male,4.224.216.146
145,Evie,MacNeillie,emacneillie40@phoca.cz,Female,99.27.35.176
146,Gustavo,MacAdam,gmacadam41@wiley.com,Male,240.75.77.28
147,Rees,Doppler,rdoppler42@harvard.edu,Male,186.4.188.46
148,Corissa,Dressel,cdressel43@ezinearticles.com,Female,18.15.59.24
149,Welbie,Geistmann,wgeistmann44@bluehost.com,Male,41.49.231.32
150,Cass,Trundler,ctrundler45@webmd.com,Male,72.251.136.220
151,Jocelyne,Coldrick,jcoldrick46@wired.com,Female,147.209.41.138
152,Brear,Findley,bfindley47@de.vu,Female,194.1.107.13
153,Sidonnie,Dimnage,sdimnage48@salon.com,Non-binary,249.200.63.117
154,Samaria,Youings,syouings49@shinystat.com,Female,233.194.45.181
155,Caro,Mardling,cmardling4a@reverbnation.com,Female,224.90.21.191
156,Gib,Watters,gwatters4b@google.fr,Male,4.33.212.107
157,Gordy,Gresham,ggresham4c@macromedia.com,Male,191.61.238.169
158,Peta,Rizzello,prizzello4d@soundcloud.com,Female,179.112.246.54
159,Carol-jean,Benitez,cbenitez4e@barnesandnoble.com,Female,192.186.197.113
160,Lyon,Spacie,lspacie4f@fda.gov,Male,191.225.93.129
161,Demeter,Cowderoy,dcowderoy4g@studiopress.com,Female,30.170.92.1
162,Mignonne,Salvador,msalvador4h@apple.com,Female,104.41.228.71
163,Sergei,Damato,sdamato4i@vimeo.com,Male,145.150.75.213
164,Gill,Halliburton,ghalliburton4j@etsy.com,Female,97.57.86.60
165,Horatio,MacFaul,hmacfaul4k@goo.ne.jp,Male,95.253.51.141
166,Noreen,Joncic,njoncic4l@lycos.com,Female,199.226.98.37
167,Nataniel,McDiarmid,nmcdiarmid4m@163.com,Male,242.55.50.93
168,Adrianna,Onslow,aonslow4n@etsy.com,Agender,202.200.123.91
169,Dinnie,Leuty,dleuty4o@a8.net,Female,194.208.160.138
170,Miguel,Sodo,msodo4p@furl.net,Male,155.99.255.230
171,Jacky,Fardoe,jfardoe4q@freewebs.com,Genderfluid,172.39.228.95
172,Nita,Yeudall,nyeudall4r@paypal.com,Female,7.11.237.177
173,Byrann,Snasdell,bsnasdell4s@spotify.com,Male,131.171.203.187
174,Seka,Staines,sstaines4t@storify.com,Female,148.115.86.90
175,Park,Golston,pgolston4u@omniture.com,Male,42.37.205.232
176,Myrna,Domoni,mdomoni4v@purevolume.com,Female,227.93.92.54
177,Parry,Dorkens,pdorkens4w@usa.gov,Male,81.185.128.5
178,Rowena,Hullins,rhullins4x@xrea.com,Female,249.33.33.30
179,Gwendolen,Inger,ginger4y@home.pl,Female,220.70.77.85
180,Rafaelita,Stroyan,rstroyan4z@dion.ne.jp,Female,178.238.234.253
181,Bartlett,Lethabridge,blethabridge50@theatlantic.com,Male,31.62.121.106
182,Chas,Thunnercliffe,cthunnercliffe51@pbs.org,Male,2.9.109.31
183,Barnabe,Dreghorn,bdreghorn52@virginia.edu,Male,1.57.34.170
184,Brooke,Chidley,bchidley53@naver.com,Male,179.213.66.43
185,Carlo,Feaver,cfeaver54@epa.gov,Male,116.166.92.41
186,Jacqueline,Hurndall,jhurndall55@facebook.com,Female,36.170.128.34
187,Blondy,Breffitt,bbreffitt56@icio.us,Female,227.118.165.61
188,Sybil,Barbie,sbarbie57@huffingtonpost.com,Female,138.154.31.221
189,Reinold,Cubuzzi,rcubuzzi58@google.co.uk,Male,18.196.80.98
190,Noe,Gile,ngile59@microsoft.com,Male,152.27.40.253
191,Erminia,Kinner,ekinner5a@indiatimes.com,Female,51.211.227.48
192,Tedmund,Bolt,tbolt5b@ucla.edu,Male,182.42.237.69
193,Theresina,Commins,tcommins5c@theguardian.com,Female,169.215.250.29
194,Jessy,Peyes,jpeyes5d@army.mil,Female,109.179.93.58
195,Evyn,Kubicek,ekubicek5e@chronoengine.com,Male,188.145.222.38
196,Carlyn,Pittford,cpittford5f@prlog.org,Female,94.206.118.197
197,Damian,Bastiman,dbastiman5g@samsung.com,Male,57.58.232.46
198,Rayner,Redford,rredford5h@cnn.com,Male,111.184.89.63
199,Katherina,Kovnot,kkovnot5i@upenn.edu,Female,69.103.45.42
200,Xever,Dami,xdami5j@github.io,Male,152.15.2.204
201,Ranna,Watman,rwatman5k@godaddy.com,Female,231.140.161.168
202,Mariejeanne,Hostan,mhostan5l@zimbio.com,Female,170.75.215.59
203,Madelene,Passman,mpassman5m@webnode.com,Female,11.21.252.234
204,Batholomew,Willgress,bwillgress5n@soundcloud.com,Male,235.29.182.86
205,Bettina,Groveham,bgroveham5o@youtu.be,Female,82.62.64.166
206,Shanta,Mammatt,smammatt5p@va.gov,Female,222.121.118.86
207,Jacquelynn,Gravenall,jgravenall5q@goo.ne.jp,Female,126.96.253.182
208,Ursa,Abrahamsohn,uabrahamsohn5r@ning.com,Female,66.133.19.178
209,Moses,Ortells,mortells5s@cmu.edu,Male,89.157.126.128
210,Jozef,Elphick,jelphick5t@cpanel.net,Male,254.39.44.83
211,Codee,Bound,cbound5u@cbc.ca,Female,141.5.158.137
212,Xever,Dust,xdust5v@joomla.org,Male,169.126.235.236
213,Garrot,Allanby,gallanby5w@msn.com,Male,136.31.170.176
214,Cecil,Berggren,cberggren5x@yahoo.com,Female,34.22.169.212
215,Muhammad,Dyshart,mdyshart5y@tuttocitta.it,Male,16.179.10.201
216,Jackelyn,Remnant,jremnant5z@sourceforge.net,Female,158.217.250.249
217,Shalne,Estrella,sestrella60@noaa.gov,Female,6.126.93.13
218,Tabina,Bassano,tbassano61@gravatar.com,Female,90.211.29.37
219,Dani,Tampling,dtampling62@soundcloud.com,Male,6.58.179.46
220,Lisbeth,McGrale,lmcgrale63@admin.ch,Non-binary,21.118.210.189
221,Ardisj,Belleny,abelleny64@washington.edu,Female,248.107.161.38
222,Robbert,Shelborne,rshelborne65@ifeng.com,Male,140.3.138.253
223,Humphrey,Hillen,hhillen66@apache.org,Male,91.169.64.73
224,Eustacia,Mate,emate67@illinois.edu,Female,3.109.51.244
225,Amandie,Lewins,alewins68@miitbeian.gov.cn,Female,102.191.52.88
226,Robbin,Grigolli,rgrigolli69@washington.edu,Female,86.232.149.89
227,Marga,Rickard,mrickard6a@alexa.com,Female,98.189.61.90
228,Paxon,Bucke,pbucke6b@pinterest.com,Male,230.200.231.61
229,Hildy,Swanger,hswanger6c@craigslist.org,Female,11.49.105.180
230,Claiborne,Ghidotti,cghidotti6d@tripod.com,Agender,72.34.196.143
231,Raye,Brabben,rbrabben6e@ucla.edu,Female,242.77.10.87
232,Nissy,Jacquemard,njacquemard6f@opera.com,Female,30.39.108.169
233,Marlo,Nassie,mnassie6g@wikia.com,Female,235.170.72.206
234,Duffy,Pietz,dpietz6h@friendfeed.com,Male,230.247.176.219
235,Jessamyn,Feye,jfeye6i@spotify.com,Female,185.143.160.102
236,Oliy,Sumnall,osumnall6j@npr.org,Genderqueer,37.70.13.233
237,Morrie,Arnet,marnet6k@apache.org,Male,124.199.76.178
238,Linc,McMenamy,lmcmenamy6l@wikispaces.com,Genderfluid,97.126.97.101
239,Johnny,McSweeney,jmcsweeney6m@craigslist.org,Male,175.177.33.171
240,Aigneis,Freshwater,afreshwater6n@liveinternet.ru,Female,0.80.6.66
241,Gavin,Lamburne,glamburne6o@smugmug.com,Male,216.74.151.134
242,Kermy,Marquiss,kmarquiss6p@macromedia.com,Polygender,142.133.122.210
243,Hewett,Timms,htimms6q@diigo.com,Male,31.196.210.167
244,Kiele,Hixley,khixley6r@google.com,Female,122.138.201.196
245,Gerik,Franzettoini,gfranzettoini6s@unc.edu,Male,190.226.11.149
246,Ileane,Hendrickson,ihendrickson6t@reference.com,Non-binary,247.192.162.172
247,Raimundo,Crowe,rcrowe6u@ftc.gov,Male,248.33.30.126
248,Nissy,Teenan,nteenan6v@studiopress.com,Female,115.154.35.72
249,Mara,Fausset,mfausset6w@t.co,Female,134.28.226.137
250,Marcelia,Phripp,mphripp6x@cocolog-nifty.com,Female,99.103.105.169
251,Zollie,Dawks,zdawks6y@jiathis.com,Male,27.111.118.240
252,Derril,Dodamead,ddodamead6z@ovh.net,Polygender,243.149.105.107
253,Franz,Mildner,fmildner70@ifeng.com,Male,186.185.204.90
254,Fabiano,Claisse,fclaisse71@netscape.com,Male,160.75.246.7
255,Dynah,Depke,ddepke72@hostgator.com,Female,2.31.109.226
256,Melisande,Barbara,mbarbara73@fda.gov,Female,199.10.231.71
257,Thorny,Pietruszka,tpietruszka74@google.com.hk,Male,194.1.181.155
258,Ingrim,Cheverell,icheverell75@microsoft.com,Male,182.206.76.78
259,Ermina,Speake,espeake76@pbs.org,Female,100.233.114.62
260,Gregoor,Fallow,gfallow77@github.io,Genderfluid,169.37.114.128
261,Flo,Bruff,fbruff78@jigsy.com,Female,228.79.214.123
262,Yuri,Purle,ypurle79@bizjournals.com,Male,187.93.119.43
263,Barnett,Damrell,bdamrell7a@prweb.com,Male,109.108.152.190
264,Kata,Shapcote,kshapcote7b@slideshare.net,Female,171.11.180.169
265,Raf,Titmuss,rtitmuss7c@home.pl,Female,227.220.204.28
266,Meryl,Birchill,mbirchill7d@google.com,Genderfluid,206.84.235.85
267,Ike,Mc Coughan,imccoughan7e@booking.com,Male,157.45.7.14
268,Wilek,Brittin,wbrittin7f@people.com.cn,Male,206.145.80.73
269,Erin,Chambers,echambers7g@ucsd.edu,Male,230.163.221.122
270,Caroljean,Cobbing,ccobbing7h@whitehouse.gov,Female,156.98.134.43
271,Dougie,Poulglais,dpoulglais7i@shinystat.com,Male,55.243.167.144
272,Rikki,Tenaunt,rtenaunt7j@ftc.gov,Male,10.214.163.173
273,Nady,O'Mailey,nomailey7k@unicef.org,Female,100.106.221.74
274,Edythe,Vasyunkin,evasyunkin7l@utexas.edu,Female,59.25.24.138
275,Jud,Bonder,jbonder7m@princeton.edu,Genderqueer,181.201.247.31
276,Randie,Jex,rjex7n@quantcast.com,Male,107.149.36.219
277,Anni,Lemasney,alemasney7o@mozilla.com,Female,133.248.124.45
278,Lindy,Reddie,lreddie7p@cdc.gov,Male,17.161.145.76
279,Jessey,Pakenham,jpakenham7q@netscape.com,Male,207.248.135.153
280,Minnaminnie,Moncrefe,mmoncrefe7r@telegraph.co.uk,Female,21.136.4.15
281,Nils,Cast,ncast7s@time.com,Male,42.186.136.238
282,Belicia,Janman,bjanman7t@barnesandnoble.com,Female,23.66.30.203
283,Clarette,Jeanequin,cjeanequin7u@mashable.com,Female,70.151.221.141
284,Pasquale,Watton,pwatton7v@java.com,Male,161.21.25.12
285,Sigismundo,Hasselby,shasselby7w@gov.uk,Male,58.173.83.25
286,Laurianne,O'Brogan,lobrogan7x@yelp.com,Female,3.117.155.31
287,Nadya,Thuillier,nthuillier7y@histats.com,Female,111.228.212.38
288,Meggi,Deakin,mdeakin7z@wp.com,Female,181.147.209.47
289,Roda,Pigny,rpigny80@shutterfly.com,Female,185.70.95.201
290,Joshia,Dartnell,jdartnell81@webeden.co.uk,Male,97.215.108.132
291,Sophronia,Handscomb,shandscomb82@imgur.com,Agender,221.238.217.233
292,Peder,Bessant,pbessant83@ted.com,Male,15.239.148.241
293,Desi,Carbert,dcarbert84@ucoz.ru,Male,229.155.73.168
294,Meggy,Moxom,mmoxom85@unesco.org,Female,214.70.204.4
295,Rafaelia,Eshmade,reshmade86@symantec.com,Female,51.120.126.145
296,Aubine,Paulsson,apaulsson87@quantcast.com,Female,128.108.123.163
297,Elmer,Guarnier,eguarnier88@hc360.com,Agender,109.94.47.11
298,Gearalt,Kuschke,gkuschke89@jugem.jp,Male,2.63.216.106
299,Marcellina,Tripon,mtripon8a@arstechnica.com,Female,66.46.179.252
300,Lennie,Eilhersen,leilhersen8b@goodreads.com,Male,6.112.223.241
301,Delia,Benning,dbenning8c@desdev.cn,Female,19.96.76.159
302,Ethyl,Glanz,eglanz8d@ucoz.ru,Female,53.159.46.41
303,Kristofor,Juster,kjuster8e@answers.com,Male,247.5.13.145
304,Agretha,Capehorn,acapehorn8f@facebook.com,Female,55.37.178.97
305,Dietrich,Whiston,dwhiston8g@booking.com,Male,100.61.246.154
306,Leslie,Tumasian,ltumasian8h@europa.eu,Male,189.138.238.134
307,Terri-jo,Sakins,tsakins8i@goodreads.com,Female,38.107.215.102
308,Sophi,Kachel,skachel8j@hugedomains.com,Female,200.41.190.198
309,Davidde,Janecek,djanecek8k@drupal.org,Male,51.162.239.211
310,Cicely,Sweetsur,csweetsur8l@nifty.com,Female,78.238.97.187
311,Emerson,Dawdry,edawdry8m@eepurl.com,Male,38.100.169.237
312,Winslow,Dary,wdary8n@homestead.com,Male,123.127.228.146
313,Lilah,Laviste,llaviste8o@quantcast.com,Female,95.199.109.135
314,Taylor,Hardeman,thardeman8p@nps.gov,Male,243.153.23.116
315,Brandy,Camoletto,bcamoletto8q@jugem.jp,Male,146.157.90.36
316,Nicki,Cush,ncush8r@bravesites.com,Genderqueer,168.131.195.26
317,Frederich,Beevens,fbeevens8s@chicagotribune.com,Male,47.122.71.162
318,Caitrin,Dell Casa,cdellcasa8t@surveymonkey.com,Non-binary,231.61.229.61
319,Bronnie,Pendle,bpendle8u@purevolume.com,Male,17.218.92.105
320,Kriste,Kernar,kkernar8v@epa.gov,Female,94.75.203.128
321,Esteban,Leas,eleas8w@studiopress.com,Male,90.96.49.69
322,Alejandra,Bisp,abisp8x@buzzfeed.com,Female,124.70.154.247
323,Melosa,Crosetti,mcrosetti8y@accuweather.com,Female,110.78.201.112
324,Granny,Coakley,gcoakley8z@elegantthemes.com,Non-binary,173.83.222.200
325,Rudolf,Baigrie,rbaigrie90@fastcompany.com,Male,88.200.96.11
326,Cheryl,Yakunin,cyakunin91@so-net.ne.jp,Female,124.74.59.82
327,Valenka,Lumbers,vlumbers92@histats.com,Female,200.220.139.21
328,Emmeline,Raistrick,eraistrick93@seattletimes.com,Female,231.199.187.114
329,Leicester,McPhaden,lmcphaden94@oaic.gov.au,Male,103.121.83.214
330,Glynis,Snepp,gsnepp95@google.es,Female,17.226.232.77
331,Rene,Corneljes,rcorneljes96@msu.edu,Male,140.194.187.145
332,Haydon,Glasgow,hglasgow97@cnn.com,Male,30.108.182.76
333,Paquito,Bartolacci,pbartolacci98@rakuten.co.jp,Male,244.163.29.205
334,Drusi,Samper,dsamper99@indiatimes.com,Female,111.138.179.138
335,Mae,Kabos,mkabos9a@51.la,Female,8.135.227.23
336,Ronny,Songer,rsonger9b@ovh.net,Male,137.110.154.3
337,Lissa,Allom,lallom9c@loc.gov,Female,166.146.119.117
338,Dorthea,Vaudre,dvaudre9d@cyberchimps.com,Agender,186.178.32.27
339,Ludwig,Gilbey,lgilbey9e@diigo.com,Male,94.239.141.144
340,Ofilia,MacGilpatrick,omacgilpatrick9f@patch.com,Female,222.110.32.222
341,Rudolf,McManus,rmcmanus9g@google.com.au,Male,178.214.101.221
342,Alethea,Inglesant,ainglesant9h@wp.com,Female,62.121.230.209
343,Davis,Nayshe,dnayshe9i@hexun.com,Bigender,239.175.16.78
344,Rodge,Stanlock,rstanlock9j@feedburner.com,Male,138.195.125.99
345,Chadd,Quarles,cquarles9k@ycombinator.com,Male,81.153.27.212
346,Bernie,Longley,blongley9l@mozilla.com,Female,149.66.190.200
347,Granger,Mingauld,gmingauld9m@aol.com,Male,215.188.191.202
348,Trina,Cawcutt,tcawcutt9n@ted.com,Female,26.246.186.197
349,Paulette,McGlaughn,pmcglaughn9o@issuu.com,Female,59.86.101.41
350,Suzy,D'Aulby,sdaulby9p@hc360.com,Female,84.107.88.173
351,Paige,Rivilis,privilis9q@google.co.uk,Male,59.0.241.220
352,Sharona,Ogger,sogger9r@paginegialle.it,Female,178.10.110.83
353,Vladamir,Farren,vfarren9s@princeton.edu,Male,202.45.98.65
354,Neely,Glackin,nglackin9t@ameblo.jp,Female,159.121.224.120
355,Peggy,Vondracek,pvondracek9u@admin.ch,Female,27.214.147.212
356,Mariellen,Kerridge,mkerridge9v@dailymail.co.uk,Female,195.77.20.27
357,Dyana,Mc Elory,dmcelory9w@yandex.ru,Female,139.50.100.31
358,Wendeline,Brantzen,wbrantzen9x@tinyurl.com,Female,49.178.68.103
359,Valerie,Heersema,vheersema9y@360.cn,Female,180.177.58.250
360,Burton,Dicken,bdicken9z@hp.com,Male,86.53.69.32
361,Adore,Drewitt,adrewitta0@indiegogo.com,Female,30.130.52.245
362,Myrlene,Portwaine,mportwainea1@google.com.br,Female,165.82.7.117
363,Bob,Gristhwaite,bgristhwaitea2@digg.com,Male,10.44.35.32
364,Dianne,Gager,dgagera3@biglobe.ne.jp,Non-binary,92.248.63.44
365,Kalli,Berwick,kberwicka4@storify.com,Female,182.205.235.90
366,Phip,Crotch,pcrotcha5@amazon.co.jp,Male,121.46.94.157
367,Rochelle,Embury,remburya6@zdnet.com,Female,70.197.177.163
368,Timmie,Page,tpagea7@archive.org,Polygender,54.212.16.84
369,Markos,Dahlberg,mdahlberga8@ca.gov,Male,122.93.180.75
370,Yoko,Castilljo,ycastilljoa9@npr.org,Female,68.0.61.208
371,L;urette,Aldersea,lalderseaaa@bizjournals.com,Genderqueer,115.65.88.46
372,Raina,Oman,romanab@themeforest.net,Female,0.17.59.136
373,Alvera,Havill,ahavillac@nationalgeographic.com,Female,59.55.253.21
374,Shelby,Matthesius,smatthesiusad@pen.io,Male,23.198.210.198
375,Shane,Torn,stornae@facebook.com,Female,215.64.137.191
376,Salomone,Marrian,smarrianaf@apache.org,Male,22.248.62.33
377,Cchaddie,Batchelder,cbatchelderag@bizjournals.com,Male,174.84.89.28
378,Gabi,Lantry,glantryah@dell.com,Male,22.221.33.105
379,Demetre,Lehrahan,dlehrahanai@studiopress.com,Male,206.83.172.14
380,Walton,Thewles,wthewlesaj@google.com.au,Male,100.118.190.88
381,Wenonah,Hunter,whunterak@time.com,Female,78.222.132.103
382,Kaylyn,Ower,koweral@icq.com,Agender,47.244.52.254
383,Bibbye,Strevens,bstrevensam@friendfeed.com,Female,68.173.217.65
384,Lorrayne,Blurton,lblurtonan@merriam-webster.com,Female,5.101.237.188
385,Marje,Boothebie,mboothebieao@unc.edu,Female,199.54.71.39
386,Moises,Dightham,mdighthamap@opera.com,Male,177.230.195.5
387,Cecil,Baildon,cbaildonaq@infoseek.co.jp,Female,29.31.76.214
388,Eudora,Toplin,etoplinar@friendfeed.com,Female,137.217.222.76
389,Dulciana,Carling,dcarlingas@w3.org,Female,82.22.248.55
390,Isabeau,Bethel,ibethelat@soundcloud.com,Female,127.1.74.49
391,Halley,Korting,hkortingau@europa.eu,Female,29.213.148.67
392,Gianna,Aiskovitch,gaiskovitchav@homestead.com,Female,26.33.29.167
393,Andrea,Jedraszczyk,ajedraszczykaw@cnn.com,Female,123.240.248.201
394,Lynnette,Addicote,laddicoteax@cbc.ca,Female,234.99.32.216
395,Caterina,Uccello,cuccelloay@godaddy.com,Female,16.204.92.189
396,Dalis,Bonus,dbonusaz@hugedomains.com,Male,93.194.240.99
397,Yvonne,Goeff,ygoeffb0@state.tx.us,Female,201.94.249.223
398,Filia,Northcliffe,fnorthcliffeb1@devhub.com,Female,59.48.78.238
399,Jolee,Covet,jcovetb2@phoca.cz,Female,235.93.136.162
400,Clywd,Ninnoli,cninnolib3@hc360.com,Male,233.55.208.72
401,Demetra,Appleby,dapplebyb4@addtoany.com,Non-binary,24.185.1.126
402,Luigi,Kinchley,lkinchleyb5@cnn.com,Male,252.16.169.197
403,Michelina,Ding,mdingb6@over-blog.com,Female,29.229.101.168
404,Zora,Newey,zneweyb7@1und1.de,Female,192.237.90.87
405,Marita,Gledstane,mgledstaneb8@smh.com.au,Female,213.170.229.68
406,Wilbert,Matterdace,wmatterdaceb9@home.pl,Male,44.135.113.111
407,Jaymie,Vasyanin,jvasyaninba@aboutads.info,Male,154.131.220.128
408,Mathew,Puddefoot,mpuddefootbb@nationalgeographic.com,Male,110.97.230.5
409,Melina,Pearse,mpearsebc@accuweather.com,Female,226.173.115.56
410,Haroun,Londsdale,hlondsdalebd@cbc.ca,Male,68.32.60.237
411,Kittie,Breese,kbreesebe@macromedia.com,Female,76.28.79.50
412,Myranda,Friday,mfridaybf@smh.com.au,Female,187.83.186.97
413,Eddy,Dobney,edobneybg@live.com,Male,198.2.159.241
414,Sara,Kirman,skirmanbh@vistaprint.com,Female,44.110.48.221
415,Yorgo,Huddles,yhuddlesbi@sciencedirect.com,Male,75.53.103.173
416,Nicky,Gartsyde,ngartsydebj@imageshack.us,Male,123.197.148.180
417,Zabrina,Goodliff,zgoodliffbk@boston.com,Female,64.98.64.72
418,Jeanne,Abramzon,jabramzonbl@who.int,Female,250.73.183.147
419,Gifford,Beardon,gbeardonbm@smh.com.au,Male,136.102.142.185
420,Joya,Hegerty,jhegertybn@jimdo.com,Genderfluid,47.61.155.135
421,Doria,Goodale,dgoodalebo@sourceforge.net,Female,177.77.62.77
422,Codie,Quidenham,cquidenhambp@purevolume.com,Female,37.251.88.78
423,Anatola,Quincee,aquinceebq@businessinsider.com,Female,245.175.47.180
424,Klarika,Leverson,kleversonbr@dmoz.org,Female,222.251.54.231
425,Murdock,Farnan,mfarnanbs@elpais.com,Male,58.69.234.167
426,Onofredo,Boldra,oboldrabt@senate.gov,Male,48.215.177.39
427,Buddy,Staining,bstainingbu@china.com.cn,Male,147.208.133.11
428,Jojo,Dawe,jdawebv@google.pl,Female,148.144.139.229
429,Annadiane,Swatman,aswatmanbw@t-online.de,Female,47.151.134.199
430,Erhart,Messom,emessombx@plala.or.jp,Non-binary,25.28.227.239
431,Dario,Finan,dfinanby@shareasale.com,Male,139.188.4.91
432,Amalea,Farloe,afarloebz@boston.com,Agender,150.188.38.190
433,Evangelia,Rhodef,erhodefc0@smugmug.com,Female,9.253.245.115
434,Sergeant,Feldmann,sfeldmannc1@sciencedaily.com,Male,168.77.69.219
435,Zelig,Boultwood,zboultwoodc2@oakley.com,Male,245.225.4.95
436,Aryn,Pardon,apardonc3@mail.ru,Female,84.142.228.103
437,Gypsy,Brugger,gbruggerc4@cdc.gov,Female,239.134.68.57
438,Bari,Maes,bmaesc5@live.com,Female,36.162.44.254
439,Sile,Ick,sickc6@cbsnews.com,Female,123.38.230.102
440,Cordy,Phillipson,cphillipsonc7@constantcontact.com,Male,42.5.111.93
441,Hobie,Retchless,hretchlessc8@trellian.com,Male,190.112.191.195
442,Alexandr,Paute,apautec9@yahoo.co.jp,Male,198.255.114.69
443,Janella,Sergison,jsergisonca@a8.net,Female,84.141.55.23
444,Bryanty,Rops,bropscb@angelfire.com,Male,24.151.227.244
445,Tabbi,Froom,tfroomcc@vimeo.com,Female,226.55.37.71
446,Bertie,Skewis,bskewiscd@liveinternet.ru,Female,90.39.70.64
447,Lemmie,Kolin,lkolince@patch.com,Male,184.61.109.65
448,Riva,Haddrell,rhaddrellcf@newsvine.com,Female,228.123.79.249
449,Tadeas,Flather,tflathercg@lycos.com,Male,214.69.138.124
450,Domingo,Upcraft,dupcraftch@zdnet.com,Male,185.121.62.80
451,Udall,Youd,uyoudci@yellowbook.com,Genderfluid,66.109.199.10
452,Nikolai,Boich,nboichcj@prweb.com,Male,45.186.20.171
453,Kristal,Pioch,kpiochck@jimdo.com,Female,203.193.29.144
454,Theadora,Southam,tsouthamcl@spotify.com,Female,232.162.122.162
455,Giuditta,Sheere,gsheerecm@elegantthemes.com,Female,108.129.140.250
456,Bradney,Kaine,bkainecn@webmd.com,Male,97.93.46.45
457,Koenraad,Kubal,kkubalco@ucoz.com,Male,167.115.37.162
458,Erika,Bugbird,ebugbirdcp@sourceforge.net,Female,138.45.79.73
459,Simmonds,Washbrook,swashbrookcq@exblog.jp,Male,203.241.223.164
460,Trenton,Proback,tprobackcr@amazonaws.com,Male,244.92.175.200
461,Natalya,Nadin,nnadincs@vistaprint.com,Female,71.20.205.56
462,Brockie,Christene,bchristenect@woothemes.com,Male,229.176.15.240
463,Charmane,Dine-Hart,cdinehartcu@blogger.com,Female,124.123.114.231
464,Aprilette,O'Cosgra,aocosgracv@si.edu,Female,202.71.183.169
465,Hershel,Joly,hjolycw@etsy.com,Male,120.220.70.81
466,Radcliffe,Harrie,rharriecx@1und1.de,Male,207.166.186.133
467,Joby,Rielly,jriellycy@illinois.edu,Agender,43.67.105.221
468,Harriette,O'Sheilds,hosheildscz@sun.com,Female,25.192.233.42
469,Lora,Widdup,lwiddupd0@sciencedaily.com,Female,54.207.251.134
470,Reina,Scherme,rschermed1@hubpages.com,Female,232.47.172.87
471,Lil,Edleston,ledlestond2@wp.com,Female,65.242.57.147
472,Elfrieda,Allin,eallind3@yahoo.co.jp,Genderfluid,221.245.141.142
473,Neddy,Weavill,nweavilld4@telegraph.co.uk,Male,197.121.194.56
474,Denna,Lilian,dliliand5@hao123.com,Female,208.101.165.210
475,Emilio,Percifer,eperciferd6@twitpic.com,Male,149.204.117.142
476,Ainslie,Willars,awillarsd7@sfgate.com,Female,26.15.35.99
477,Vicky,Demeza,vdemezad8@prlog.org,Female,187.153.99.79
478,Laurella,Scoble,lscobled9@indiegogo.com,Female,21.189.215.75
479,Hank,Kmieciak,hkmieciakda@nytimes.com,Male,119.169.95.175
480,Roosevelt,Ottewell,rottewelldb@imgur.com,Male,66.121.192.126
481,Constancia,Suett,csuettdc@sina.com.cn,Female,237.195.125.118
482,Kacie,Dawson,kdawsondd@time.com,Female,208.150.243.169
483,Alix,Blanko,ablankode@shareasale.com,Female,241.118.101.32
484,Lotta,Heake,lheakedf@gmpg.org,Female,235.84.31.84
485,Clementia,Bilt,cbiltdg@livejournal.com,Female,141.122.251.22
486,Dorolisa,Joanaud,djoanauddh@joomla.org,Female,238.34.193.211
487,Ashia,Giacobini,agiacobinidi@yellowbook.com,Female,180.155.69.138
488,Deloris,Glaves,dglavesdj@illinois.edu,Female,91.13.64.120
489,Kalila,Arp,karpdk@fotki.com,Female,29.185.37.141
490,Katrina,O'Cahill,kocahilldl@timesonline.co.uk,Female,27.21.97.128
491,Isahella,Weatherdon,iweatherdondm@wp.com,Female,11.160.106.195
492,Junie,Janovsky,jjanovskydn@ebay.com,Female,244.204.208.179
493,Toni,Sitlington,tsitlingtondo@cbslocal.com,Female,127.7.58.92
494,Melodie,Musterd,mmusterddp@rediff.com,Female,109.44.248.88
495,Warde,Stepto,wsteptodq@phpbb.com,Bigender,19.155.162.226
496,Amalea,Boosey,abooseydr@google.ru,Female,21.92.155.153
497,Schuyler,Sandwith,ssandwithds@foxnews.com,Male,58.201.133.111
498,Livia,Halliberton,lhallibertondt@shop-pro.jp,Female,148.12.1.246
499,Belicia,Kearton,bkeartondu@usatoday.com,Female,199.92.218.86
500,Mendie,Jimmes,mjimmesdv@phoca.cz,Male,179.110.97.161
501,Grange,Ghidini,gghidinidw@lycos.com,Male,181.137.221.54
502,Dennie,Monday,dmondaydx@boston.com,Female,186.83.52.234
503,Jermayne,Brinsford,jbrinsforddy@nature.com,Male,77.141.50.154
504,Abe,Gyde,agydedz@tinyurl.com,Male,160.70.254.211
505,Paul,Daniau,pdaniaue0@vinaora.com,Male,235.186.189.29
506,Peirce,Orcott,porcotte1@shinystat.com,Male,189.151.94.142
507,Bronnie,Gogay,bgogaye2@wsj.com,Male,97.103.34.193
508,Cyndia,Plowright,cplowrighte3@t-online.de,Female,174.183.158.128
509,Clo,Giggs,cgiggse4@businessinsider.com,Female,62.68.140.50
510,Teodorico,Longland,tlonglande5@globo.com,Male,37.216.14.139
511,Odille,Sergant,osergante6@google.com,Female,236.124.135.31
512,Reina,Feldhorn,rfeldhorne7@economist.com,Female,64.15.46.194
513,Krista,Della,kdellae8@discovery.com,Female,34.45.135.201
514,Haywood,Edison,hedisone9@eventbrite.com,Male,57.55.202.186
515,Gennie,Wheaton,gwheatonea@webs.com,Genderfluid,74.85.110.225
516,Lara,Klimushev,lklimusheveb@unicef.org,Female,125.164.60.62
517,Marcella,Boddice,mboddiceec@imgur.com,Female,56.58.132.155
518,Harman,Jeffreys,hjeffreysed@gov.uk,Male,139.46.12.54
519,Reube,Slator,rslatoree@yolasite.com,Male,252.170.37.65
520,Isador,Trythall,itrythallef@cafepress.com,Genderfluid,182.208.228.115
521,Haven,Astell,hastelleg@shop-pro.jp,Male,129.107.117.99
522,Blair,Fireman,bfiremaneh@cmu.edu,Male,42.33.195.136
523,Wald,McIlhatton,wmcilhattonei@disqus.com,Male,118.191.42.149
524,Dorelia,Predohl,dpredohlej@msn.com,Female,119.174.240.74
525,Eli,Culham,eculhamek@nhs.uk,Male,186.244.33.163
526,Lisle,Townby,ltownbyel@artisteer.com,Male,164.83.140.170
527,Vittoria,Lytlle,vlytlleem@prlog.org,Female,246.153.54.93
528,Lorin,Debold,ldebolden@taobao.com,Male,145.128.136.110
529,Vivi,Hacksby,vhacksbyeo@amazon.de,Female,129.219.164.107
530,Sammie,Fredson,sfredsonep@feedburner.com,Male,35.32.227.44
531,Bald,Jerrolt,bjerrolteq@hao123.com,Non-binary,12.69.70.83
532,Sig,Schlagman,sschlagmaner@cdc.gov,Non-binary,118.244.236.33
533,Inglebert,Middleweek,imiddleweekes@blog.com,Male,43.81.130.8
534,Owen,St Louis,ostlouiset@lycos.com,Male,126.77.130.43
535,Madonna,Ivasyushkin,mivasyushkineu@ow.ly,Female,131.230.108.169
536,Cherrita,Radford,cradfordev@fda.gov,Female,238.176.128.71
537,Brana,Farfull,bfarfullew@wired.com,Female,135.164.85.215
538,Nesta,Elflain,nelflainex@angelfire.com,Polygender,75.19.22.203
539,Derby,Winchcum,dwinchcumey@1688.com,Male,254.186.255.250
540,Bruis,Baxstare,bbaxstareez@hexun.com,Male,61.248.191.17
541,Myrlene,Burren,mburrenf0@bloglovin.com,Female,126.57.244.28
542,Misha,Colleton,mcolletonf1@ibm.com,Female,19.157.82.255
543,Jessalyn,Cardenoso,jcardenosof2@dedecms.com,Polygender,249.129.161.21
544,Klaus,Godspeede,kgodspeedef3@dailymotion.com,Male,211.147.3.178
545,Alasdair,Cogle,acoglef4@newsvine.com,Male,119.94.234.5
546,Thorndike,Deshon,tdeshonf5@unicef.org,Male,243.129.75.33
547,Tadeas,John,tjohnf6@nymag.com,Male,101.184.91.229
548,Curr,Pennino,cpenninof7@state.tx.us,Genderqueer,188.164.224.49
549,Alicia,Copeland,acopelandf8@accuweather.com,Female,252.231.86.215
550,Zacharia,Durrington,zdurringtonf9@oakley.com,Male,89.96.134.203
551,Symon,Durtnall,sdurtnallfa@dailymail.co.uk,Male,28.114.94.122
552,Janot,MacNeachtain,jmacneachtainfb@lycos.com,Female,138.52.119.135
553,Gelya,Eastop,geastopfc@abc.net.au,Female,41.188.134.168
554,Zerk,Wincer,zwincerfd@sohu.com,Male,227.164.148.0
555,Sean,Vanetti,svanettife@pbs.org,Female,74.164.156.89
556,Jolynn,Willder,jwillderff@elegantthemes.com,Female,163.108.248.97
557,Elsa,Rosengart,erosengartfg@netvibes.com,Female,78.11.27.26
558,Sukey,Shevelin,sshevelinfh@dell.com,Female,75.32.128.150
559,Danyette,Shawl,dshawlfi@amazon.com,Female,51.203.211.18
560,Jethro,Josefsen,jjosefsenfj@google.com,Male,245.16.29.66
561,Haskell,Woliter,hwoliterfk@mozilla.org,Male,217.141.164.120
562,Shanta,Walkey,swalkeyfl@free.fr,Female,16.46.191.197
563,Langsdon,Ellwell,lellwellfm@rambler.ru,Male,100.38.169.14
564,Nell,Isbell,nisbellfn@weibo.com,Genderqueer,115.102.216.162
565,Storm,Taffarello,staffarellofo@scientificamerican.com,Female,57.4.188.82
566,Pepita,Clayden,pclaydenfp@addthis.com,Female,213.124.221.19
567,Addia,Seivwright,aseivwrightfq@apache.org,Female,220.118.34.219
568,Vlad,Kobel,vkobelfr@weebly.com,Male,1.239.87.17
569,Joachim,McGilbon,jmcgilbonfs@ovh.net,Male,153.70.9.229
570,Kimberli,Custance,kcustanceft@exblog.jp,Female,75.110.137.192
571,Orazio,June,ojunefu@creativecommons.org,Male,231.129.113.237
572,Toma,Rao,traofv@goodreads.com,Bigender,218.50.212.32
573,Shaylynn,Hardy-Piggin,shardypigginfw@fc2.com,Female,47.1.85.227
574,Annnora,Killbey,akillbeyfx@ebay.co.uk,Female,154.47.123.220
575,Eleonora,Mucklow,emucklowfy@360.cn,Female,187.166.219.248
576,Reece,Flavelle,rflavellefz@weibo.com,Male,240.22.241.213
577,Stormi,Dearman,sdearmang0@umn.edu,Female,168.177.65.111
578,Ed,Folkerts,efolkertsg1@uol.com.br,Male,226.184.113.237
579,Norrie,Faulkes,nfaulkesg2@xing.com,Male,52.223.108.230
580,Rhoda,Mechi,rmechig3@si.edu,Female,219.145.140.102
581,Dorothy,Tyt,dtytg4@yolasite.com,Female,221.93.225.133
582,Hailee,Penzer,hpenzerg5@marriott.com,Female,22.220.216.96
583,Yevette,Worrill,yworrillg6@geocities.com,Female,137.125.30.27
584,Annalise,Condon,acondong7@printfriendly.com,Female,42.7.224.215
585,Steward,Rignold,srignoldg8@themeforest.net,Male,199.212.42.132
586,Lane,Dineen,ldineeng9@epa.gov,Female,235.253.232.130
587,Brady,Davidson,bdavidsonga@howstuffworks.com,Male,181.211.218.71
588,Tiffany,Ashe,tashegb@intel.com,Female,242.82.103.132
589,Yorker,Purbrick,ypurbrickgc@theglobeandmail.com,Male,32.137.128.53
590,Charis,Sivell,csivellgd@cyberchimps.com,Female,20.126.192.55
591,Aldin,Davidowsky,adavidowskyge@biglobe.ne.jp,Male,10.105.227.85
592,Talia,Skip,tskipgf@deviantart.com,Genderqueer,52.81.190.241
593,Francis,Mc Comb,fmccombgg@sakura.ne.jp,Male,202.207.5.172
594,Matthaeus,Dany,mdanygh@google.pl,Male,93.191.31.61
595,Levy,Grevile,lgrevilegi@tuttocitta.it,Male,1.166.194.142
596,Nina,Cleve,nclevegj@tuttocitta.it,Female,67.76.32.244
597,Mady,Chastagnier,mchastagniergk@squidoo.com,Female,91.175.210.244
598,Julita,Cheetham,jcheethamgl@vistaprint.com,Female,210.253.190.22
599,Vince,Spelsbury,vspelsburygm@i2i.jp,Male,132.18.204.129
600,Linn,Harcarse,lharcarsegn@usa.gov,Agender,242.177.180.102
601,Merilyn,Siddele,msiddelego@senate.gov,Female,161.69.164.125
602,Nona,Trowler,ntrowlergp@sitemeter.com,Female,64.205.151.90
603,Diandra,Rickaert,drickaertgq@behance.net,Female,41.61.250.14
604,Marylou,Flavelle,mflavellegr@answers.com,Female,226.51.126.240
605,Nedi,Forgan,nforgangs@dropbox.com,Female,225.249.251.143
606,Pip,Blackborn,pblackborngt@comsenz.com,Male,134.111.235.27
607,Patten,Dullingham,pdullinghamgu@usda.gov,Male,191.219.244.7
608,Leland,Gillham,lgillhamgv@europa.eu,Female,138.45.110.243
609,Adi,Benka,abenkagw@google.nl,Female,191.63.1.238
610,Marya,Tweedell,mtweedellgx@state.gov,Female,230.209.6.218
611,Ilyse,Daubney,idaubneygy@google.com,Female,71.210.194.181
612,Alanson,Uccello,auccellogz@tuttocitta.it,Male,190.172.4.95
613,Hilly,Pring,hpringh0@timesonline.co.uk,Male,97.93.161.230
614,Pierette,Chatres,pchatresh1@unesco.org,Genderfluid,18.62.88.229
615,Janaye,Thurlborn,jthurlbornh2@cam.ac.uk,Polygender,145.124.143.157
616,Elspeth,Allibone,ealliboneh3@nymag.com,Female,7.251.127.48
617,Hy,Antoni,hantonih4@ibm.com,Male,179.165.77.213
618,Luke,Parlor,lparlorh5@networkadvertising.org,Male,22.189.16.151
619,Ilysa,Tarbert,itarberth6@patch.com,Female,179.94.197.53
620,Raye,McCaughey,rmccaugheyh7@smugmug.com,Genderqueer,90.96.74.44
621,Clemens,Challace,cchallaceh8@reverbnation.com,Male,31.12.237.222
622,Johnna,Duthie,jduthieh9@addtoany.com,Female,67.77.35.143
623,Julietta,McCluskey,jmccluskeyha@360.cn,Female,89.223.58.148
624,Huberto,Dominichelli,hdominichellihb@meetup.com,Male,118.194.181.187
625,Adina,Cremer,acremerhc@netlog.com,Female,44.193.5.163
626,Adolph,Pawson,apawsonhd@reference.com,Male,12.80.117.241
627,Annamarie,Streatley,astreatleyhe@cbsnews.com,Female,153.106.207.114
628,Arlan,Bedingfield,abedingfieldhf@alibaba.com,Genderfluid,190.12.101.252
629,El,Dixie,edixiehg@wunderground.com,Male,109.250.155.243
630,Corny,Randlesome,crandlesomehh@seesaa.net,Male,194.227.211.251
631,Mandy,O'Duilleain,moduilleainhi@fotki.com,Genderqueer,145.166.190.117
632,Osmond,Matiebe,omatiebehj@storify.com,Male,251.170.195.193
633,Ursuline,Philippe,uphilippehk@cyberchimps.com,Female,179.232.113.68
634,Robena,Hawkin,rhawkinhl@surveymonkey.com,Female,109.50.125.76
635,Wang,Sharville,wsharvillehm@buzzfeed.com,Male,65.202.136.192
636,Fabe,Zoppo,fzoppohn@fc2.com,Male,211.65.76.199
637,Georgia,Dmitr,gdmitrho@sogou.com,Non-binary,55.57.109.44
638,Shanda,Zorzin,szorzinhp@mapquest.com,Female,28.179.207.211
639,Ruggiero,Arniz,rarnizhq@apache.org,Male,94.39.206.218
640,Dareen,Alty,daltyhr@ning.com,Female,168.64.252.97
641,Theo,Jewster,tjewsterhs@bravesites.com,Female,209.87.51.109
642,Gwenny,Sagerson,gsagersonht@ihg.com,Female,102.244.100.53
643,Ave,Butterwick,abutterwickhu@howstuffworks.com,Male,59.4.100.29
644,Oates,Brunke,obrunkehv@posterous.com,Male,180.155.137.22
645,Farley,Brader,fbraderhw@earthlink.net,Bigender,26.119.49.107
646,Emmie,Van den Velde,evandenveldehx@cnn.com,Female,176.177.222.102
647,Lockwood,Flacknell,lflacknellhy@umich.edu,Male,43.102.24.60
648,Yolande,Presslee,ypressleehz@columbia.edu,Female,48.208.193.130
649,Dale,Apedaile,dapedailei0@google.com,Male,202.36.84.98
650,Judon,Skones,jskonesi1@gmpg.org,Male,148.133.200.128
651,Bob,Paule,bpaulei2@time.com,Male,247.237.4.105
652,Caldwell,Jaslem,cjaslemi3@reuters.com,Male,50.9.209.184
653,Livy,Degenhardt,ldegenhardti4@wikipedia.org,Female,168.139.110.93
654,Martie,Draper,mdraperi5@wsj.com,Female,113.36.129.80
655,Malissa,Benoy,mbenoyi6@cbc.ca,Female,183.165.141.153
656,Humfrid,Puttergill,hputtergilli7@blogspot.com,Male,40.40.168.19
657,Onfre,Bloss,oblossi8@csmonitor.com,Male,58.84.119.120
658,Leola,Addicott,laddicotti9@mapy.cz,Female,114.147.3.33
659,Anderson,Norcop,anorcopia@booking.com,Male,7.244.137.161
660,Yank,Dranfield,ydranfieldib@ning.com,Bigender,58.207.47.184
661,Linnea,Warnes,lwarnesic@msn.com,Female,141.17.56.46
662,Sergent,Kinglake,skinglakeid@phoca.cz,Male,160.240.55.63
663,Asa,Falshaw,afalshawie@techcrunch.com,Male,248.22.78.148
664,Viviene,Burress,vburressif@ifeng.com,Female,209.227.174.46
665,Hinze,Furlong,hfurlongig@uol.com.br,Male,39.113.25.36
666,Sheff,Rupprecht,srupprechtih@gravatar.com,Male,135.72.169.249
667,Weidar,Fishby,wfishbyii@csmonitor.com,Male,230.130.51.121
668,Tabbatha,Kitteringham,tkitteringhamij@list-manage.com,Female,190.15.90.61
669,Vidovic,Buttrey,vbuttreyik@princeton.edu,Male,33.157.23.27
670,Andy,Jobbins,ajobbinsil@ed.gov,Male,167.146.206.237
671,Barton,Boath,bboathim@mozilla.org,Male,99.200.132.12
672,Chester,Steward,cstewardin@free.fr,Genderfluid,62.52.50.145
673,Wakefield,Oldland,woldlandio@vistaprint.com,Male,228.106.141.195
674,Mandy,Janecek,mjanecekip@wordpress.org,Female,61.70.225.38
675,Genevra,Rudolfer,grudolferiq@goo.ne.jp,Non-binary,175.142.52.224
676,Agustin,Corday,acordayir@bloomberg.com,Male,72.130.176.251
677,Tedd,Heartfield,theartfieldis@hud.gov,Male,60.58.228.217
678,Christiano,Cripin,ccripinit@weather.com,Male,34.204.3.140
679,Emanuele,Seedman,eseedmaniu@sphinn.com,Male,97.145.4.214
680,Joshua,Corck,jcorckiv@alibaba.com,Male,144.224.204.148
681,Julienne,Jiras,jjirasiw@soup.io,Female,205.41.141.248
682,Pru,Bonsul,pbonsulix@scientificamerican.com,Female,77.197.145.109
683,Jaime,Kissack,jkissackiy@imgur.com,Male,119.179.46.83
684,Fergus,Fydoe,ffydoeiz@newsvine.com,Male,194.151.5.41
685,Ricard,Proudler,rproudlerj0@techcrunch.com,Agender,96.184.29.88
686,Ky,Fone,kfonej1@npr.org,Male,233.21.199.171
687,Upton,Itzkin,uitzkinj2@live.com,Male,183.158.63.36
688,Mirabelle,Pavey,mpaveyj3@prnewswire.com,Female,23.170.18.134
689,Addie,Olekhov,aolekhovj4@europa.eu,Female,67.189.124.89
690,Helli,Romei,hromeij5@51.la,Female,205.50.68.220
691,Frederik,Drain,fdrainj6@tumblr.com,Male,183.139.205.79
692,Ransom,Blucher,rblucherj7@craigslist.org,Male,90.208.42.144
693,Tedda,Coules,tcoulesj8@howstuffworks.com,Female,223.232.157.115
694,Celisse,Humberston,chumberstonj9@yahoo.co.jp,Female,115.96.216.88
695,Walton,Dash,wdashja@mtv.com,Male,171.195.188.28
696,Melvin,Ivimey,mivimeyjb@paginegialle.it,Male,153.73.5.89
697,Tilda,McIlhone,tmcilhonejc@mysql.com,Female,214.199.3.140
698,Karrie,Olenikov,kolenikovjd@thetimes.co.uk,Female,32.171.29.123
699,Gerrard,McGettigan,gmcgettiganje@dailymotion.com,Male,35.49.192.171
700,Ginnifer,Ulrik,gulrikjf@artisteer.com,Female,188.55.126.244
701,Jereme,Jeacock,jjeacockjg@privacy.gov.au,Male,45.39.93.48
702,Loria,Bevis,lbevisjh@pbs.org,Female,59.152.86.206
703,Sarge,Boyan,sboyanji@ibm.com,Male,158.222.158.240
704,Nancee,Jendrusch,njendruschjj@auda.org.au,Female,131.217.78.29
705,Tybie,Trodler,ttrodlerjk@unblog.fr,Non-binary,79.167.31.34
706,Creigh,McGowran,cmcgowranjl@purevolume.com,Male,243.179.23.86
707,Hildagard,Tague,htaguejm@businessinsider.com,Female,34.254.10.80
708,Whit,Cinelli,wcinellijn@ft.com,Male,53.130.85.70
709,Rosalia,Davidy,rdavidyjo@mit.edu,Female,51.128.95.40
710,Frederich,Lishmund,flishmundjp@imageshack.us,Male,128.0.178.221
711,Bondon,Brunnen,bbrunnenjq@com.com,Male,201.116.130.22
712,Abraham,Saggers,asaggersjr@addtoany.com,Non-binary,202.29.177.75
713,Gretta,Spark,gsparkjs@163.com,Female,210.235.138.239
714,Inga,Quincee,iquinceejt@umich.edu,Female,72.4.167.198
715,Aleen,Bourdon,abourdonju@woothemes.com,Female,175.91.186.239
716,Gerty,McQuarrie,gmcquarriejv@whitehouse.gov,Female,187.113.233.94
717,Gray,Lynnitt,glynnittjw@answers.com,Agender,179.247.83.169
718,Petronilla,Jossel,pjosseljx@mapy.cz,Female,224.114.131.200
719,Lilian,Woodrow,lwoodrowjy@weather.com,Female,115.157.182.157
720,Carmelle,Gerrietz,cgerrietzjz@ebay.co.uk,Female,114.159.102.200
721,Darell,Mistry,dmistryk0@salon.com,Female,59.203.255.137
722,Hugo,Roseman,hrosemank1@dyndns.org,Male,187.181.228.229
723,Noach,Studman,nstudmank2@cnn.com,Male,109.220.43.18
724,Dasya,Gehrtz,dgehrtzk3@whitehouse.gov,Female,128.64.87.149
725,Alie,Wyllcock,awyllcockk4@msu.edu,Female,233.182.161.72
726,Peadar,Whardley,pwhardleyk5@paypal.com,Male,58.55.239.169
727,Sarge,Kalderon,skalderonk6@epa.gov,Male,140.36.205.103
728,Molly,Hurle,mhurlek7@oakley.com,Female,136.147.245.7
729,Munroe,Hebborn,mhebbornk8@icio.us,Male,23.161.16.5
730,Nikki,Amberg,nambergk9@dailymail.co.uk,Male,49.151.224.108
731,Keene,Hylden,khyldenka@nps.gov,Male,207.150.167.63
732,Sully,Heberden,sheberdenkb@usgs.gov,Male,255.131.220.248
733,Honoria,Tureville,hturevillekc@typepad.com,Female,169.141.65.138
734,Gawain,Vears,gvearskd@nature.com,Male,173.222.185.243
735,Joel,Bjerkan,jbjerkanke@hugedomains.com,Male,143.75.254.210
736,Eadmund,Bredee,ebredeekf@liveinternet.ru,Male,113.111.249.178
737,Josephine,Stubbs,jstubbskg@cloudflare.com,Female,213.251.40.50
738,Everard,Dubock,edubockkh@ning.com,Male,6.125.53.132
739,Griffith,Fabry,gfabryki@yahoo.com,Male,93.158.104.214
740,Rosetta,Coronas,rcoronaskj@forbes.com,Female,112.88.10.131
741,Michaella,Sheere,msheerekk@newyorker.com,Female,233.126.128.217
742,Dane,Meagh,dmeaghkl@desdev.cn,Male,174.233.207.177
743,Chadd,Iamittii,ciamittiikm@independent.co.uk,Male,39.81.190.9
744,Deloris,Chalfant,dchalfantkn@comsenz.com,Female,250.106.138.201
745,Vale,Rickett,vrickettko@dyndns.org,Genderfluid,182.203.71.218
746,Micaela,Haisell,mhaisellkp@tiny.cc,Female,207.49.79.203
747,Nicolai,Maxwaile,nmaxwailekq@unesco.org,Male,220.206.63.235
748,Reginauld,Ziem,rziemkr@apple.com,Male,183.51.181.247
749,Berne,Force,bforceks@nsw.gov.au,Male,165.46.207.106
750,Hazel,Ferrick,hferrickkt@slate.com,Male,11.86.189.202
751,Colette,Tireman,ctiremanku@msn.com,Female,223.198.117.204
752,Bruno,Elmes,belmeskv@spotify.com,Male,240.159.84.116
753,Koral,Bullus,kbulluskw@github.com,Female,10.64.69.252
754,Hali,Swadling,hswadlingkx@youku.com,Female,196.67.172.24
755,Maggee,Brockbank,mbrockbankky@cisco.com,Female,195.188.184.44
756,Demetrius,Dionisetti,ddionisettikz@arstechnica.com,Male,244.28.25.170
757,Cedric,Francescuzzi,cfrancescuzzil0@census.gov,Male,255.208.124.123
758,Orville,Emanson,oemansonl1@theguardian.com,Male,123.223.72.27
759,Ronalda,Flack,rflackl2@lulu.com,Female,238.219.33.99
760,Rosanna,Sima,rsimal3@simplemachines.org,Genderqueer,42.151.185.249
761,Joanne,McKevitt,jmckevittl4@psu.edu,Female,43.25.171.109
762,Pauly,Rewcastle,prewcastlel5@xinhuanet.com,Non-binary,98.68.55.162
763,Darcee,Rehorek,drehorekl6@gravatar.com,Female,144.114.201.136
764,Rriocard,Kennelly,rkennellyl7@studiopress.com,Male,34.121.151.177
765,Hartwell,Meddings,hmeddingsl8@joomla.org,Male,231.31.212.177
766,Fina,Whittaker,fwhittakerl9@ovh.net,Female,23.54.74.78
767,Kerk,Fredson,kfredsonla@wunderground.com,Male,107.20.199.52
768,Olia,Jarley,ojarleylb@yahoo.com,Female,200.194.56.108
769,Octavius,Inge,oingelc@google.com,Male,210.190.133.139
770,Madalyn,Morston,mmorstonld@wired.com,Female,151.124.165.116
771,Zedekiah,Edsall,zedsallle@youku.com,Male,246.127.151.72
772,June,Kellogg,jkellogglf@google.es,Female,29.67.80.203
773,Tiphany,Synnott,tsynnottlg@nps.gov,Female,155.138.40.59
774,Kimbra,Jacquest,kjacquestlh@ucoz.ru,Female,197.235.161.242
775,Ellery,Spurryer,espurryerli@amazon.com,Male,54.79.160.34
776,Granthem,Thonason,gthonasonlj@un.org,Male,230.251.185.237
777,Felicia,Greenland,fgreenlandlk@tuttocitta.it,Female,68.245.4.97
778,Merrily,Vivyan,mvivyanll@xrea.com,Female,1.68.86.193
779,Frederica,Kullmann,fkullmannlm@tripod.com,Genderfluid,249.148.189.185
780,Selma,Donnersberg,sdonnersbergln@a8.net,Female,233.135.134.184
781,Dal,Oliver,doliverlo@un.org,Male,166.81.163.141
782,Giffer,Cottu,gcottulp@comcast.net,Male,79.78.178.29
783,Lesya,Keune,lkeunelq@businessweek.com,Female,99.115.14.239
784,Korie,O'Gaven,kogavenlr@cloudflare.com,Female,56.163.46.255
785,Carmine,Jovicevic,cjovicevicls@hexun.com,Female,5.246.57.196
786,Randy,de Clerc,rdeclerclt@phpbb.com,Female,185.81.164.48
787,Belvia,Mansell,bmanselllu@jimdo.com,Bigender,216.150.253.181
788,Felisha,Djokic,fdjokiclv@ucoz.com,Female,22.184.228.213
789,Brendis,Stonner,bstonnerlw@fda.gov,Male,11.19.68.110
790,Yasmin,Gouck,ygoucklx@gmpg.org,Female,59.90.80.15
791,Nadean,Learmonth,nlearmonthly@barnesandnoble.com,Female,66.247.86.84
792,Alexio,Sherratt,asherrattlz@blogtalkradio.com,Male,190.94.0.86
793,Harcourt,Ind,hindm0@elegantthemes.com,Male,203.109.58.148
794,Owen,Albers,oalbersm1@tumblr.com,Genderfluid,201.207.141.7
795,Jena,Benardet,jbenardetm2@reference.com,Female,221.66.254.29
796,Spencer,Mell,smellm3@comcast.net,Male,224.117.248.7
797,Ellissa,Iozefovich,eiozefovichm4@quantcast.com,Female,192.197.141.187
798,Gianni,Kovacs,gkovacsm5@umich.edu,Male,202.160.92.31
799,Sadie,Infante,sinfantem6@about.me,Female,149.42.57.9
800,Jessie,Arents,jarentsm7@spotify.com,Female,135.186.102.54
801,Shelby,Vergine,sverginem8@so-net.ne.jp,Female,156.175.183.47
802,Jaime,Binham,jbinhamm9@marriott.com,Non-binary,55.205.127.82
803,Emilie,Mahaddy,emahaddyma@intel.com,Female,105.239.3.137
804,Bendix,Molloy,bmolloymb@cisco.com,Male,108.221.145.129
805,Elva,Maffezzoli,emaffezzolimc@pbs.org,Female,201.169.180.195
806,Melania,McGuire,mmcguiremd@imgur.com,Female,36.41.162.174
807,Dar,Fearnehough,dfearnehoughme@cbc.ca,Male,200.25.14.108
808,Sergio,Haistwell,shaistwellmf@jugem.jp,Male,80.23.12.9
809,Ferrel,Dilks,fdilksmg@thetimes.co.uk,Agender,248.149.204.234
810,Reuben,Muino,rmuinomh@tamu.edu,Male,143.30.238.42
811,Darda,Smeaton,dsmeatonmi@newyorker.com,Female,93.122.90.113
812,Camella,Normavell,cnormavellmj@cbc.ca,Female,71.190.234.250
813,Flin,Pischof,fpischofmk@answers.com,Male,5.177.35.141
814,Mitchael,Martygin,mmartyginml@noaa.gov,Male,234.54.122.242
815,Dunc,Deaton,ddeatonmm@icio.us,Male,79.245.135.223
816,Elmira,Bissatt,ebissattmn@mlb.com,Agender,74.150.236.226
817,Edwina,Vallentin,evallentinmo@google.es,Female,169.233.186.186
818,Burtie,Pinniger,bpinnigermp@soundcloud.com,Genderfluid,183.136.209.130
819,Evita,Curwood,ecurwoodmq@cloudflare.com,Female,182.191.222.98
820,Hammad,Ziehms,hziehmsmr@xinhuanet.com,Male,205.76.216.149
821,Delmar,Hails,dhailsms@is.gd,Male,225.6.255.81
822,Liva,Merioth,lmeriothmt@flavors.me,Female,173.62.101.124
823,Langsdon,Berling,lberlingmu@house.gov,Bigender,138.0.200.197
824,Nathaniel,Wills,nwillsmv@vkontakte.ru,Male,7.152.249.90
825,Der,Munnion,dmunnionmw@sina.com.cn,Male,53.222.139.17
826,Osbourne,Chipp,ochippmx@nhs.uk,Male,46.97.9.60
827,Helene,Glenwright,hglenwrightmy@umich.edu,Female,234.179.239.248
828,Jimmie,Wisam,jwisammz@free.fr,Male,30.184.231.99
829,Marney,Halsworth,mhalsworthn0@xinhuanet.com,Female,244.62.190.69
830,Osbourn,Finder,ofindern1@rediff.com,Bigender,199.29.89.139
831,Gabriele,Fudge,gfudgen2@businessweek.com,Polygender,146.25.191.248
832,Lira,Lenden,llendenn3@1688.com,Female,108.195.146.104
833,Lorrie,Paver,lpavern4@cam.ac.uk,Female,143.169.7.178
834,Mariette,Edmed,medmedn5@ustream.tv,Female,139.188.85.38
835,Daren,Muehler,dmuehlern6@privacy.gov.au,Male,210.121.71.146
836,Conan,Nettle,cnettlen7@globo.com,Male,34.195.27.82
837,Mattie,Jaynes,mjaynesn8@home.pl,Male,0.197.66.205
838,Tilda,Birdfield,tbirdfieldn9@irs.gov,Female,94.113.243.2
839,Stephenie,Curneen,scurneenna@ucoz.com,Female,186.162.85.203
840,Tadeas,Fortun,tfortunnb@delicious.com,Male,46.86.119.204
841,Maurizio,Ebhardt,mebhardtnc@upenn.edu,Male,157.199.239.37
842,Fonsie,Master,fmasternd@msu.edu,Male,143.180.5.201
843,Ileana,Nicklen,inicklenne@google.nl,Female,93.181.34.238
844,Danielle,Gartland,dgartlandnf@flickr.com,Female,14.47.245.195
845,Rosalynd,Rudland,rrudlandng@homestead.com,Bigender,142.132.107.79
846,Zorina,Leithgoe,zleithgoenh@constantcontact.com,Female,143.55.58.96
847,Elonore,Daenen,edaenenni@mediafire.com,Female,105.82.228.70
848,Rube,Petrello,rpetrellonj@nhs.uk,Male,84.50.162.176
849,Kylen,Rasp,kraspnk@dropbox.com,Female,57.97.139.135
850,Abey,Geffcock,ageffcocknl@army.mil,Male,36.145.195.187
851,Seka,Ashcroft,sashcroftnm@mapy.cz,Female,126.79.134.204
852,Iggie,Facey,ifaceynn@hostgator.com,Male,148.71.23.106
853,Bran,Mitchely,bmitchelyno@gmpg.org,Male,107.200.69.83
854,Elyn,Beeby,ebeebynp@guardian.co.uk,Female,146.141.76.82
855,Lamar,Randall,lrandallnq@economist.com,Bigender,240.50.97.240
856,Godwin,Bockmann,gbockmannnr@123-reg.co.uk,Male,81.168.190.56
857,Shea,Macek,smacekns@elpais.com,Male,144.8.246.113
858,Major,Hinz,mhinznt@moonfruit.com,Male,206.11.170.165
859,Camala,Dolle,cdollenu@umich.edu,Female,177.52.133.121
860,Ariella,Dineen,adineennv@cnn.com,Female,65.204.209.211
861,Devan,Mottini,dmottininw@nps.gov,Female,9.240.183.205
862,Aeriela,Plumm,aplummnx@networkadvertising.org,Female,36.226.244.108
863,Brendan,Bulfit,bbulfitny@360.cn,Male,253.102.136.137
864,Donica,Huge,dhugenz@reverbnation.com,Female,130.90.206.4
865,Lazaro,Lethby,llethbyo0@slashdot.org,Male,120.77.93.205
866,Alica,Bernardoni,abernardonio1@unicef.org,Female,79.36.218.184
867,Errol,Austen,eausteno2@tripadvisor.com,Male,131.51.2.170
868,Humphrey,Skinn,hskinno3@home.pl,Male,189.40.18.26
869,Felice,Utteridge,futteridgeo4@homestead.com,Female,125.131.177.48
870,Ford,Anscott,fanscotto5@google.ru,Male,107.202.209.22
871,Jamal,Drake,jdrakeo6@plala.or.jp,Male,180.10.116.99
872,Leigh,Hofler,lhoflero7@bbb.org,Male,138.153.207.221
873,Gail,White,gwhiteo8@ovh.net,Male,18.29.31.70
874,Nehemiah,Kettle,nkettleo9@zdnet.com,Male,184.7.76.132
875,Tilly,Harrod,tharrodoa@squidoo.com,Female,19.214.224.198
876,Ludovika,Cellone,lcelloneob@goo.ne.jp,Female,148.156.234.37
877,Merla,Glynne,mglynneoc@skyrock.com,Female,185.254.31.117
878,Dotti,Lillford,dlillfordod@storify.com,Female,146.238.0.250
879,Marysa,Leadley,mleadleyoe@chron.com,Female,18.136.60.49
880,Crichton,Lauridsen,clauridsenof@engadget.com,Male,153.240.208.231
881,Angy,O'Hdirscoll,aohdirscollog@uiuc.edu,Female,43.208.192.171
882,Brandy,Lawie,blawieoh@naver.com,Female,1.158.166.243
883,Almire,Tilliards,atilliardsoi@wordpress.com,Female,109.25.252.139
884,Cheri,Jouhan,cjouhanoj@webeden.co.uk,Female,254.150.46.70
885,Rebeca,Cowe,rcoweok@flavors.me,Female,95.99.97.145
886,Giordano,Gaishson,ggaishsonol@myspace.com,Male,20.181.201.211
887,Yurik,Duetsche,yduetscheom@cpanel.net,Male,164.146.193.119
888,Burt,Hyams,bhyamson@t.co,Male,251.38.199.67
889,Darryl,Clemitt,dclemittoo@tinypic.com,Male,14.188.109.45
890,Vonni,Puttan,vputtanop@instagram.com,Female,145.167.75.110
891,Everett,MacKnockiter,emacknockiteroq@artisteer.com,Male,189.97.160.241
892,Katinka,Rubbens,krubbensor@ustream.tv,Female,86.50.232.87
893,Morten,Thomson,mthomsonos@comcast.net,Male,249.102.15.94
894,Bernete,Brogden,bbrogdenot@ovh.net,Female,196.233.76.60
895,Matthus,Edling,medlingou@tinyurl.com,Male,175.234.59.208
896,Karlotte,Fleg,kflegov@time.com,Female,167.209.114.192
897,Kay,Perocci,kperocciow@vimeo.com,Female,45.37.51.61
898,Tori,Brandes,tbrandesox@meetup.com,Female,244.184.26.57
899,Kristoffer,Paxman,kpaxmanoy@bizjournals.com,Male,180.132.143.200
900,Oneida,Raiman,oraimanoz@slashdot.org,Bigender,129.94.222.242
901,Carole,Chattelaine,cchattelainep0@shutterfly.com,Female,221.1.43.12
902,Francisca,Schultes,fschultesp1@comsenz.com,Female,150.115.101.37
903,Valera,Lodeke,vlodekep2@ezinearticles.com,Agender,240.100.86.244
904,Vallie,Brettle,vbrettlep3@huffingtonpost.com,Female,100.231.178.207
905,Belle,O'Deoran,bodeoranp4@answers.com,Female,84.246.203.175
906,Nickolaus,Dillingham,ndillinghamp5@rambler.ru,Male,213.217.31.60
907,Teodorico,Shand,tshandp6@facebook.com,Male,251.229.40.236
908,Ring,Yukhtin,ryukhtinp7@yandex.ru,Male,151.171.205.96
909,Brianne,Sant,bsantp8@cornell.edu,Female,53.136.186.211
910,Chen,Britt,cbrittp9@msn.com,Agender,169.163.210.21
911,Seward,Surphliss,ssurphlisspa@chicagotribune.com,Male,179.89.132.197
912,Tine,Rohfsen,trohfsenpb@cloudflare.com,Female,16.60.110.233
913,Devland,McRinn,dmcrinnpc@cmu.edu,Male,183.179.177.91
914,Sawyer,Sproston,ssprostonpd@bloglines.com,Male,105.145.25.137
915,Stanford,Deny,sdenype@bizjournals.com,Male,205.44.148.44
916,Benji,Trappe,btrappepf@imgur.com,Male,241.188.169.80
917,Winfred,Cayzer,wcayzerpg@plala.or.jp,Male,13.0.20.236
918,Melvyn,Cuckson,mcucksonph@gmpg.org,Male,228.69.224.89
919,Basile,Darrigoe,bdarrigoepi@dailymotion.com,Male,132.172.168.90
920,Jeniffer,Hassekl,jhasseklpj@skyrock.com,Female,37.67.60.185
921,Mehetabel,Ruttgers,mruttgerspk@java.com,Female,79.90.70.148
922,Dulsea,Fairman,dfairmanpl@sciencedirect.com,Genderfluid,7.142.97.186
923,Kirbee,Medley,kmedleypm@tmall.com,Female,41.74.42.236
924,Skipton,Andrews,sandrewspn@cnet.com,Male,31.143.208.205
925,Carleen,Groneway,cgronewaypo@redcross.org,Female,17.225.242.186
926,Zackariah,Kuhn,zkuhnpp@biblegateway.com,Male,215.39.123.222
927,Otto,Glew,oglewpq@bandcamp.com,Male,66.115.102.50
928,Bertha,Leeds,bleedspr@sogou.com,Agender,253.154.113.125
929,Xever,Wilde,xwildeps@ehow.com,Male,217.210.179.37
930,Jessika,Rebert,jrebertpt@gmpg.org,Female,171.138.51.205
931,Land,Cortin,lcortinpu@xinhuanet.com,Male,111.18.26.168
932,Frederic,Pawling,fpawlingpv@prweb.com,Male,140.188.80.171
933,Francisco,Dunridge,fdunridgepw@domainmarket.com,Male,241.23.111.97
934,Dasie,Allcroft,dallcroftpx@google.pl,Female,96.18.225.36
935,Grannie,Chinge de Hals,gchingedehalspy@mail.ru,Male,88.56.236.13
936,Franni,Gregolin,fgregolinpz@soup.io,Female,157.148.187.145
937,Celestia,Breitling,cbreitlingq0@google.it,Polygender,48.137.226.223
938,Christal,Crocker,ccrockerq1@histats.com,Female,231.15.113.111
939,Gusta,Carthy,gcarthyq2@spotify.com,Female,131.128.62.12
940,Leodora,Bodycombe,lbodycombeq3@reddit.com,Female,188.52.213.189
941,Nevin,Garwell,ngarwellq4@slashdot.org,Male,212.19.170.228
942,Avrit,Casaro,acasaroq5@hugedomains.com,Female,60.97.154.219
943,Kristofer,Robker,krobkerq6@indiegogo.com,Male,93.252.214.27
944,Teresita,Anney,tanneyq7@nifty.com,Female,214.123.166.17
945,Sergio,Ledbury,sledburyq8@alibaba.com,Male,42.235.173.217
946,Heath,Shalcras,hshalcrasq9@t-online.de,Male,73.111.100.146
947,Davin,Silwood,dsilwoodqa@baidu.com,Male,253.162.171.132
948,Alvira,Broy,abroyqb@imgur.com,Female,186.126.225.104
949,Ardelle,Beaulieu,abeaulieuqc@mapquest.com,Female,92.253.218.108
950,Thomasin,Firsby,tfirsbyqd@cpanel.net,Female,173.139.102.77
951,Otto,Trevaskus,otrevaskusqe@hugedomains.com,Male,107.237.111.105
952,Gertrudis,Heal,ghealqf@kickstarter.com,Female,123.232.4.119
953,Dionysus,Hubbock,dhubbockqg@mozilla.com,Male,41.30.205.194
954,Steward,Doudney,sdoudneyqh@4shared.com,Male,81.231.211.18
955,Shay,Kittiman,skittimanqi@odnoklassniki.ru,Agender,42.17.23.174
956,Allie,Kingcote,akingcoteqj@exblog.jp,Female,103.158.100.170
957,Barbaraanne,Alennikov,balennikovqk@sbwire.com,Female,107.13.84.185
958,Hilario,Gasson,hgassonql@t-online.de,Male,24.74.29.65
959,Carolin,Agar,cagarqm@jalbum.net,Bigender,186.185.92.209
960,Crosby,Lusher,clusherqn@myspace.com,Male,166.132.62.133
961,Ramon,Jonin,rjoninqo@spotify.com,Male,6.60.12.249
962,Devin,Hamshar,dhamsharqp@creativecommons.org,Female,143.105.213.3
963,Anatola,Baugham,abaughamqq@studiopress.com,Genderfluid,18.24.68.180
964,Crystie,Van Salzberger,cvansalzbergerqr@icio.us,Female,131.130.85.94
965,Yetta,Knolles-Green,yknollesgreenqs@accuweather.com,Female,34.129.163.28
966,Roseline,Donnan,rdonnanqt@hc360.com,Female,229.44.207.8
967,Bill,Harrie,bharriequ@hibu.com,Female,55.18.111.245
968,Ilysa,Bigham,ibighamqv@etsy.com,Female,173.18.114.114
969,Rriocard,Seakes,rseakesqw@loc.gov,Male,135.158.162.121
970,Kathrine,Fist,kfistqx@discuz.net,Female,206.203.151.199
971,Rozelle,Sailor,rsailorqy@issuu.com,Female,134.248.75.81
972,Gardner,Penrose,gpenroseqz@blinklist.com,Male,220.49.194.10
973,Emmery,Littlewood,elittlewoodr0@newyorker.com,Male,82.77.56.104
974,Rab,Dyott,rdyottr1@utexas.edu,Polygender,22.21.141.137
975,Vidovik,Meegin,vmeeginr2@hostgator.com,Male,22.186.148.253
976,Fawnia,Harwell,fharwellr3@jigsy.com,Female,233.84.240.17
977,Claudina,Scates,cscatesr4@hud.gov,Female,203.31.88.28
978,Augusto,Reedy,areedyr5@wiley.com,Male,222.86.217.123
979,Basilius,Polle,bpoller6@nhs.uk,Male,69.245.1.216
980,Elwyn,Bunn,ebunnr7@flavors.me,Non-binary,59.209.30.179
981,Maryrose,Frackiewicz,mfrackiewiczr8@youtube.com,Female,192.34.25.170
982,Rafaello,Ickovic,rickovicr9@reddit.com,Male,56.207.60.198
983,Christean,Hehl,chehlra@baidu.com,Female,239.231.161.56
984,Darb,Caslett,dcaslettrb@geocities.com,Male,243.182.48.184
985,Consuela,Barttrum,cbarttrumrc@hibu.com,Female,37.28.81.28
986,Jeannie,MacDunlevy,jmacdunlevyrd@altervista.org,Female,226.102.233.9
987,Madelyn,Gemnett,mgemnettre@twitter.com,Female,246.191.152.63
988,Millie,Carreyette,mcarreyetterf@bravesites.com,Agender,115.224.255.91
989,Bobbie,Holtum,bholtumrg@imgur.com,Male,142.119.147.107
990,Alika,Fine,afinerh@addtoany.com,Female,186.0.245.93
991,Dodi,Durban,ddurbanri@miibeian.gov.cn,Female,126.55.189.226
992,Jeno,Snoden,jsnodenrj@facebook.com,Male,118.19.12.97
993,Sherie,Lung,slungrk@baidu.com,Female,71.37.86.196
994,Babita,Weinberg,bweinbergrl@slashdot.org,Female,111.49.101.231
995,Morie,McGeneay,mmcgeneayrm@ezinearticles.com,Male,55.113.43.4
996,Junina,Mazin,jmazinrn@etsy.com,Female,63.31.56.138
997,Abraham,Berzin,aberzinro@icq.com,Male,80.165.176.5
998,Pierre,Mountain,pmountainrp@mapquest.com,Male,202.15.217.53
999,Herbie,Fritzer,hfritzerrq@whitehouse.gov,Male,49.138.198.249
1000,Trent,Fairall,tfairallrr@biblegateway.com,Male,252.190.193.7
