id,first_name,last_name,email,gender,ip_address
1,Carolina,Greengrass,cgreengrass0@tumblr.com,Female,247.93.186.152
2,Gayler,Waulker,gwaulker1@goo.gl,Male,87.126.165.168
3,Remus,Harring,rharring2@lulu.com,Polygender,239.154.152.66
4,Gearalt,Lagneaux,glagneaux3@nsw.gov.au,Male,118.137.151.40
5,Allard,Annott,aannott4@businesswire.com,Male,187.31.230.157
6,Pembroke,Ludlam,pludlam5@google.com,Male,149.164.14.203
7,Corly,Kennedy,ckennedy6@google.it,Female,5.235.249.46
8,Letizia,De Lisle,ldelisle7@tripod.com,Female,23.210.149.231
9,Rodolph,Drewes,rdrewes8@a8.net,Male,153.31.104.179
10,Marvin,Syred,msyred9@biblegateway.com,Male,74.161.168.197
11,Dell,Sebrook,dsebrooka@mapy.cz,Female,201.101.122.125
12,Wilfrid,German,wgermanb@constantcontact.com,Male,123.72.192.13
13,Giacobo,Torresi,gtorresic@merriam-webster.com,Male,22.149.176.160
14,Fremont,Westwood,fwestwoodd@usnews.com,Male,246.23.171.175
15,Tawnya,Robe,trobee@amazon.com,Female,96.46.171.127
16,Glynda,Fullalove,gfullalovef@youtu.be,Female,54.86.39.208
17,Brenn,Girardin,bgirarding@cnet.com,Female,110.182.19.95
18,Lyndell,Behnecke,lbehneckeh@hud.gov,Female,231.51.238.245
19,Rosetta,Gandy,rgandyi@yahoo.co.jp,Female,95.223.148.225
20,Boycey,Pitts,bpittsj@mac.com,Male,41.54.186.44
21,Elana,Risbrough,erisbroughk@samsung.com,Female,38.34.146.48
22,Latisha,Shiels,lshielsl@gmpg.org,Female,24.47.154.45
23,Nickolaus,Eltune,neltunem@mediafire.com,Male,33.233.49.32
24,Scottie,Danilovic,sdanilovicn@dyndns.org,Male,254.20.141.117
25,Myrtle,McCombe,mmccombeo@goo.gl,Female,194.38.241.184
26,Morie,Baskwell,mbaskwellp@i2i.jp,Male,219.13.95.246
27,Ambrose,Ogles,aoglesq@msn.com,Non-binary,79.48.22.188
28,Kincaid,Menicomb,kmenicombr@alibaba.com,Male,91.251.135.8
29,Iggie,Donnan,idonnans@sciencedirect.com,Male,54.74.91.207
30,Nikoletta,Kidstone,nkidstonet@time.com,Female,185.164.77.210
31,Devan,Dutton,dduttonu@mayoclinic.com,Genderqueer,177.242.114.49
32,Ortensia,Spores,osporesv@about.me,Female,25.25.139.75
33,Olivia,Farey,ofareyw@ow.ly,Female,20.79.8.144
34,Lucky,Christian,lchristianx@msu.edu,Female,131.204.63.118
35,Etti,Belsey,ebelseyy@nyu.edu,Bigender,198.173.7.133
36,Adan,Kinson,akinsonz@jugem.jp,Male,85.184.195.140
37,Oby,Southam,osoutham10@mac.com,Male,23.80.168.193
38,Ennis,Kidds,ekidds11@issuu.com,Male,105.123.47.208
39,Farrah,Aimson,faimson12@wikia.com,Female,139.172.224.96
40,Cob,Markova,cmarkova13@youtu.be,Genderfluid,181.127.250.5
41,Curt,Garza,cgarza14@zdnet.com,Male,37.238.90.12
42,Herrick,Byrcher,hbyrcher15@devhub.com,Male,49.90.98.33
43,Marabel,Pointing,mpointing16@webmd.com,Female,99.42.201.68
44,Stephani,Fibbit,sfibbit17@ustream.tv,Female,245.220.90.174
45,Regen,Kosel,rkosel18@is.gd,Male,139.28.53.43
46,Malcolm,Corbet,mcorbet19@illinois.edu,Male,145.169.27.29
47,Carol,Honeyghan,choneyghan1a@apache.org,Female,108.175.89.188
48,Ardelis,Keetley,akeetley1b@theguardian.com,Female,49.242.196.99
49,Janella,Glitherow,jglitherow1c@ameblo.jp,Female,242.28.70.23
50,Laurence,Derrett,lderrett1d@sakura.ne.jp,Male,151.16.131.254
51,Ashlan,Gonthier,agonthier1e@yellowpages.com,Female,84.176.232.154
52,Iormina,Chrichton,ichrichton1f@webs.com,Female,171.55.200.187
53,Liza,Kays,lkays1g@opensource.org,Bigender,173.20.198.61
54,Spike,Cobelli,scobelli1h@bing.com,Male,158.50.144.87
55,Remus,Casbourne,rcasbourne1i@unicef.org,Male,232.174.40.197
56,Edvard,Tipton,etipton1j@mit.edu,Male,152.123.193.14
57,Dottie,Osmund,dosmund1k@ucoz.ru,Female,197.155.2.183
58,Dix,Bote,dbote1l@prlog.org,Female,122.38.186.169
59,Janeta,Mayzes,jmayzes1m@bizjournals.com,Female,208.26.180.55
60,Eliza,d'Escoffier,edescoffier1n@intel.com,Genderqueer,138.244.160.44
61,Ricki,Blondell,rblondell1o@tinyurl.com,Female,36.29.93.103
62,Meg,Redmore,mredmore1p@businessinsider.com,Female,215.98.189.43
63,Ashbey,Leppard,aleppard1q@vimeo.com,Male,195.116.177.210
64,Baron,Cotty,bcotty1r@bbb.org,Male,93.52.27.115
65,Amber,Haffenden,ahaffenden1s@privacy.gov.au,Female,189.58.233.111
66,Reuven,Bandey,rbandey1t@bravesites.com,Male,169.87.51.111
67,Albie,Baudts,abaudts1u@miibeian.gov.cn,Male,41.87.118.4
68,Gare,Hemeret,ghemeret1v@ocn.ne.jp,Male,88.133.19.190
69,Darell,Ram,dram1w@vinaora.com,Female,28.19.239.81
70,Jorie,Bungey,jbungey1x@163.com,Female,14.55.206.118
71,Corrie,De Lacey,cdelacey1y@utexas.edu,Non-binary,214.72.60.45
72,Lyndsey,Goodey,lgoodey1z@usa.gov,Female,195.114.225.66
73,Tymon,Thunders,tthunders20@is.gd,Male,132.105.198.4
74,Fairleigh,McCoy,fmccoy21@wsj.com,Male,146.122.134.146
75,Darb,Wontner,dwontner22@flavors.me,Female,255.227.75.212
76,Mignon,Derrington,mderrington23@dedecms.com,Female,187.146.31.120
77,Jory,Bull,jbull24@europa.eu,Male,188.144.184.222
78,Marilee,Dolling,mdolling25@delicious.com,Female,91.142.30.5
79,Elwyn,Ratt,eratt26@people.com.cn,Male,95.130.26.66
80,Ambrosi,Hegerty,ahegerty27@umn.edu,Male,214.219.102.54
81,Fredi,Crasswell,fcrasswell28@twitpic.com,Female,173.202.90.238
82,Ella,Hinckley,ehinckley29@bigcartel.com,Female,138.210.183.73
83,Felisha,Tamplin,ftamplin2a@chicagotribune.com,Female,227.111.59.77
84,Link,Starrs,lstarrs2b@webs.com,Male,47.186.123.157
85,Cara,Theobalds,ctheobalds2c@alexa.com,Genderfluid,209.207.145.32
86,Gwyn,Tucsell,gtucsell2d@freewebs.com,Female,153.109.38.15
87,Immanuel,Korbmaker,ikorbmaker2e@mlb.com,Male,95.179.149.251
88,Elmo,McMorran,emcmorran2f@usatoday.com,Male,206.121.15.43
89,Horatia,Celle,hcelle2g@ovh.net,Female,25.254.199.162
90,Adler,Bullent,abullent2h@chronoengine.com,Bigender,211.128.101.27
91,Nicki,Summerlad,nsummerlad2i@reverbnation.com,Female,206.29.128.63
92,Susan,Helkin,shelkin2j@wikia.com,Female,170.47.53.88
93,Margaretha,Dummer,mdummer2k@apache.org,Genderfluid,31.99.157.117
94,Tripp,Vossing,tvossing2l@samsung.com,Male,173.157.93.35
95,Marylin,Grollmann,mgrollmann2m@360.cn,Female,23.204.51.122
96,Danita,Smowton,dsmowton2n@rediff.com,Bigender,2.138.159.112
97,Trey,Rushmere,trushmere2o@xinhuanet.com,Male,72.31.133.87
98,Derby,Swatland,dswatland2p@google.de,Male,7.222.30.113
99,Terri-jo,Meachem,tmeachem2q@phoca.cz,Female,247.231.193.0
100,Roderigo,Kristoffersson,rkristoffersson2r@dyndns.org,Male,113.173.197.88
101,Mayne,Turnpenny,mturnpenny2s@ameblo.jp,Male,249.148.106.18
102,Sosanna,Alcock,salcock2t@theguardian.com,Female,42.62.190.22
103,Zia,Hariot,zhariot2u@tuttocitta.it,Female,6.89.80.203
104,Debra,Searjeant,dsearjeant2v@cnbc.com,Female,37.97.221.228
105,Corbin,Volet,cvolet2w@examiner.com,Male,215.137.41.115
106,Darda,Sporner,dsporner2x@1und1.de,Female,207.63.207.44
107,Faulkner,Duprey,fduprey2y@census.gov,Male,15.161.226.243
108,Amabelle,Ranklin,aranklin2z@technorati.com,Female,251.160.3.131
109,Hunfredo,Hulks,hhulks30@youtu.be,Male,175.14.207.195
110,Lisha,Bratton,lbratton31@merriam-webster.com,Female,189.13.159.228
111,Skye,Marthen,smarthen32@house.gov,Male,20.16.133.102
112,Vernor,Muckle,vmuckle33@cnet.com,Male,32.115.35.40
113,Claire,Kleinstub,ckleinstub34@hexun.com,Male,62.151.42.1
114,Jorry,Deuss,jdeuss35@yahoo.com,Female,37.109.154.82
115,Cati,Brickdale,cbrickdale36@go.com,Female,95.145.120.193
116,Ferrel,Toplin,ftoplin37@alibaba.com,Male,2.155.128.63
117,Hailey,Dumingos,hdumingos38@chicagotribune.com,Male,61.220.48.235
118,Zaneta,Linnitt,zlinnitt39@merriam-webster.com,Female,226.114.127.230
119,Minta,Gaskill,mgaskill3a@amazonaws.com,Female,250.84.227.72
120,Candace,Witty,cwitty3b@npr.org,Female,135.141.110.29
121,Lusa,Eschelle,leschelle3c@delicious.com,Female,190.227.56.48
122,Livy,Ritzman,lritzman3d@goo.ne.jp,Female,106.233.87.165
123,Dinny,Norcock,dnorcock3e@omniture.com,Female,197.172.116.12
124,Nanette,Di Biaggi,ndibiaggi3f@cnbc.com,Female,168.103.34.5
125,Frannie,Rentilll,frentilll3g@nifty.com,Male,199.254.218.88
126,Adelina,Hale,ahale3h@printfriendly.com,Female,47.124.26.95
127,Collette,Hallard,challard3i@jugem.jp,Female,254.55.193.4
128,Farrell,Wilks,fwilks3j@acquirethisname.com,Agender,229.80.30.229
129,Orelee,Cozins,ocozins3k@booking.com,Female,82.241.49.69
130,Xylina,Goodburn,xgoodburn3l@washingtonpost.com,Female,74.187.199.197
131,Keeley,Guinnane,kguinnane3m@privacy.gov.au,Female,70.115.241.216
132,Trefor,Petrasso,tpetrasso3n@github.io,Male,68.87.13.63
133,Ceciley,Entreis,centreis3o@uol.com.br,Bigender,217.197.150.222
134,Evvy,Whitewood,ewhitewood3p@washington.edu,Female,209.238.182.166
135,Jorry,Rodge,jrodge3q@zdnet.com,Female,83.236.172.189
136,Giuseppe,Bichard,gbichard3r@photobucket.com,Male,16.36.105.153
137,Pyotr,Danton,pdanton3s@wikimedia.org,Male,169.26.197.60
138,Felipe,Yeardsley,fyeardsley3t@home.pl,Male,209.235.109.251
139,Ailyn,Barszczewski,abarszczewski3u@liveinternet.ru,Female,206.170.225.117
140,Griffith,Schrader,gschrader3v@about.me,Male,241.43.77.76
141,Merrie,Bungey,mbungey3w@drupal.org,Female,167.110.246.108
142,Konstance,Cabrara,kcabrara3x@issuu.com,Female,97.84.139.240
143,Boigie,Wisham,bwisham3y@who.int,Male,146.189.191.201
144,Laure,Cleave,lcleave3z@1688.com,Genderfluid,118.240.253.181
145,Ryan,Clash,rclash40@cnn.com,Male,136.26.45.81
146,Peria,Glasby,pglasby41@ted.com,Female,219.86.18.41
147,Calv,Banville,cbanville42@hibu.com,Male,190.119.69.88
148,Jarrid,Loyd,jloyd43@omniture.com,Male,164.52.242.125
149,Lynnelle,Sell,lsell44@123-reg.co.uk,Female,54.229.178.85
150,Merrick,Aireton,maireton45@geocities.jp,Male,155.155.223.238
151,Merralee,Mowsdell,mmowsdell46@patch.com,Female,142.90.58.49
152,Loydie,Marcum,lmarcum47@examiner.com,Male,76.42.80.204
153,Spencer,O'Heagertie,soheagertie48@dmoz.org,Bigender,225.29.186.223
154,Darda,Carville,dcarville49@msn.com,Genderqueer,171.123.76.112
155,Bili,Okenden,bokenden4a@quantcast.com,Female,149.12.210.40
156,Pembroke,Jans,pjans4b@w3.org,Male,180.15.74.140
157,Derk,Draxford,ddraxford4c@nbcnews.com,Male,40.158.1.149
158,Kissie,Longthorn,klongthorn4d@discuz.net,Female,76.63.213.75
159,Thacher,Greaser,tgreaser4e@sina.com.cn,Male,50.139.77.144
160,Raffaello,Coleford,rcoleford4f@nbcnews.com,Male,251.187.177.216
161,Jodie,Dilrew,jdilrew4g@blog.com,Male,241.119.176.193
162,Felipa,Vayne,fvayne4h@photobucket.com,Female,255.135.215.121
163,Tatiania,Amdohr,tamdohr4i@live.com,Female,114.250.27.190
164,Stirling,Chanter,schanter4j@sitemeter.com,Male,184.30.129.90
165,Griselda,Donwell,gdonwell4k@earthlink.net,Female,170.196.46.88
166,Latrena,Schrir,lschrir4l@weibo.com,Female,152.105.73.31
167,Sherrie,Bescoby,sbescoby4m@myspace.com,Female,110.213.24.153
168,Richmound,Edmund,redmund4n@ifeng.com,Male,5.23.164.58
169,Torrie,Rennison,trennison4o@google.nl,Female,45.120.170.8
170,Imogene,Stieger,istieger4p@1688.com,Female,227.139.63.172
171,Marlene,Tumpane,mtumpane4q@mozilla.org,Female,41.150.193.168
172,Arlena,Twede,atwede4r@about.me,Female,214.178.190.84
173,Boothe,Chang,bchang4s@is.gd,Male,108.86.205.221
174,Drusi,Piddick,dpiddick4t@samsung.com,Genderqueer,20.82.96.234
175,Fielding,Extil,fextil4u@w3.org,Genderfluid,50.239.82.21
176,Vania,Pankettman,vpankettman4v@usnews.com,Female,140.51.250.237
177,Ulick,Dodman,udodman4w@smugmug.com,Male,175.204.107.235
178,Emelia,Bostick,ebostick4x@live.com,Female,201.165.108.235
179,Bartholemy,Norrey,bnorrey4y@businessweek.com,Male,40.163.174.81
180,Ramonda,Fairholme,rfairholme4z@comcast.net,Female,108.201.44.11
181,Rita,Alloway,ralloway50@uol.com.br,Female,194.131.145.8
182,Aube,Benbrick,abenbrick51@nasa.gov,Male,171.186.136.41
183,Dewie,Bonallick,dbonallick52@ebay.com,Male,4.155.204.81
184,Carree,Silk,csilk53@yahoo.com,Female,10.169.59.142
185,Francois,Follit,ffollit54@illinois.edu,Male,16.192.200.77
186,Donny,Haversum,dhaversum55@google.com.au,Female,73.31.70.167
187,Nelly,MacGow,nmacgow56@google.co.jp,Female,83.201.110.164
188,Danny,Marushak,dmarushak57@barnesandnoble.com,Female,185.56.144.250
189,Morten,Glasscoe,mglasscoe58@tuttocitta.it,Male,51.222.15.236
190,Janene,O'Corr,jocorr59@etsy.com,Female,206.148.113.228
191,Steffi,Alcock,salcock5a@businessweek.com,Female,36.64.222.31
192,Muriel,Bewshaw,mbewshaw5b@is.gd,Female,4.138.136.253
193,Olympe,Maxwell,omaxwell5c@jugem.jp,Female,193.65.166.210
194,Desiri,Phillcock,dphillcock5d@geocities.com,Female,74.185.212.75
195,Marion,Leeburne,mleeburne5e@cnbc.com,Male,10.76.151.84
196,Pennie,Lailey,plailey5f@msn.com,Male,93.116.9.127
197,Minor,Olive,molive5g@fastcompany.com,Male,127.18.37.89
198,Krista,Hardage,khardage5h@bandcamp.com,Female,184.62.251.180
199,Berke,Baiden,bbaiden5i@goodreads.com,Male,219.114.189.56
200,Marlena,Gillitt,mgillitt5j@imageshack.us,Female,115.244.124.188
201,Melantha,Haliburton,mhaliburton5k@seesaa.net,Female,236.25.237.213
202,Tammy,Wimmers,twimmers5l@bloglovin.com,Female,10.99.181.173
203,Washington,Brammer,wbrammer5m@yolasite.com,Male,42.57.49.235
204,Jard,Burnham,jburnham5n@engadget.com,Male,176.192.13.188
205,Eadith,Bover,ebover5o@apple.com,Female,13.23.252.217
206,Dietrich,Washtell,dwashtell5p@cargocollective.com,Male,223.18.14.147
207,Brittan,Smithen,bsmithen5q@macromedia.com,Female,150.30.144.81
208,Wyn,Kinane,wkinane5r@wikimedia.org,Male,112.127.90.131
209,Stevana,Hales,shales5s@blogspot.com,Female,18.139.24.253
210,Douglas,Jeste,djeste5t@apache.org,Male,98.66.27.82
211,Hortense,Baldassi,hbaldassi5u@myspace.com,Genderfluid,209.44.15.151
212,Charity,Cattell,ccattell5v@dailymail.co.uk,Non-binary,110.78.165.167
213,Vanna,Virgo,vvirgo5w@moonfruit.com,Female,131.0.233.165
214,Karita,Gotcher,kgotcher5x@youku.com,Female,48.172.56.126
215,Luz,Tiffney,ltiffney5y@51.la,Female,72.92.188.27
216,Archibaldo,Christoforou,achristoforou5z@histats.com,Male,186.176.153.32
217,Rutter,Scatchar,rscatchar60@ezinearticles.com,Male,185.248.28.233
218,Netta,Barmby,nbarmby61@cnbc.com,Female,32.194.101.249
219,Osbourn,Bearns,obearns62@php.net,Male,249.124.21.58
220,Werner,Castro,wcastro63@fotki.com,Agender,140.108.210.0
221,Eziechiele,Crook,ecrook64@disqus.com,Male,20.220.38.121
222,Cindi,Abyss,cabyss65@phoca.cz,Agender,146.57.79.52
223,Martina,Dredge,mdredge66@elegantthemes.com,Female,17.220.86.124
224,Finley,Bold,fbold67@mayoclinic.com,Bigender,153.204.242.121
225,Katuscha,Vynarde,kvynarde68@github.io,Female,146.124.96.173
226,Rutledge,Lakenden,rlakenden69@wired.com,Male,137.143.127.226
227,Helen,Benettini,hbenettini6a@flickr.com,Female,86.205.88.190
228,Chlo,Hardman,chardman6b@addthis.com,Female,109.28.39.155
229,Frasco,Kempshall,fkempshall6c@paypal.com,Male,117.165.14.137
230,Laney,Nodes,lnodes6d@flavors.me,Female,198.137.254.71
231,Frants,Ivanyushkin,fivanyushkin6e@si.edu,Male,70.123.21.2
232,Lamont,Vondracek,lvondracek6f@gravatar.com,Male,72.74.199.13
233,Elsi,Derbyshire,ederbyshire6g@dedecms.com,Female,129.225.170.21
234,Ferdinand,Glenn,fglenn6h@pcworld.com,Male,126.103.94.27
235,Nissie,Bitterton,nbitterton6i@eepurl.com,Female,248.75.236.123
236,Roma,Mordie,rmordie6j@squidoo.com,Male,159.89.146.89
237,Ansell,Godfray,agodfray6k@nifty.com,Male,182.60.136.121
238,Rolando,Dudhill,rdudhill6l@rediff.com,Male,232.220.20.234
239,Danna,Hoyt,dhoyt6m@dedecms.com,Female,240.157.183.70
240,Izzy,Beche,ibeche6n@engadget.com,Male,12.254.14.93
241,Cristy,Worsam,cworsam6o@zimbio.com,Female,248.238.81.15
242,Missie,Gronav,mgronav6p@addthis.com,Female,147.224.104.238
243,Edik,Szwarc,eszwarc6q@army.mil,Male,216.78.207.197
244,Pattie,Bramer,pbramer6r@furl.net,Female,110.129.156.120
245,Lindsay,Shevell,lshevell6s@timesonline.co.uk,Bigender,94.210.151.3
246,Roxie,Ferenc,rferenc6t@senate.gov,Female,27.70.245.145
247,Dacey,Block,dblock6u@cdc.gov,Female,97.39.83.233
248,Frasco,Renihan,frenihan6v@usgs.gov,Male,101.234.2.230
249,Cully,Leather,cleather6w@topsy.com,Male,249.76.202.106
250,Moore,Goom,mgoom6x@amazonaws.com,Male,149.172.207.67
251,Nani,Curlis,ncurlis6y@nba.com,Female,226.253.70.24
252,Mellisent,Lagne,mlagne6z@unicef.org,Female,16.234.51.173
253,Warde,Fance,wfance70@imageshack.us,Male,126.247.88.246
254,Peggie,M'Quharg,pmquharg71@google.com.hk,Female,101.178.92.106
255,Kristien,Ogden,kogden72@geocities.com,Female,199.8.33.65
256,Ginni,Chazerand,gchazerand73@accuweather.com,Female,126.161.7.98
257,Enos,Snodden,esnodden74@google.ca,Male,162.25.48.124
258,Jermaine,Godain,jgodain75@tuttocitta.it,Genderfluid,187.105.76.253
259,Fancy,Malyon,fmalyon76@skype.com,Polygender,41.144.36.229
260,Giffard,Rudram,grudram77@topsy.com,Male,34.114.197.182
261,Koren,Tire,ktire78@freewebs.com,Female,184.184.60.230
262,Shoshanna,Stenning,sstenning79@vinaora.com,Female,85.97.115.24
263,Kerrin,McKiddin,kmckiddin7a@kickstarter.com,Female,57.17.17.171
264,Dreddy,Costerd,dcosterd7b@moonfruit.com,Female,171.10.128.222
265,Jessamine,Wolters,jwolters7c@biblegateway.com,Female,247.63.62.188
266,Angelico,Collocott,acollocott7d@engadget.com,Male,211.172.153.172
267,Anselma,Stelle,astelle7e@earthlink.net,Female,12.26.13.39
268,Collie,Vannuccinii,cvannuccinii7f@bandcamp.com,Bigender,88.191.200.181
269,Blanca,Rousby,brousby7g@unc.edu,Female,41.38.17.220
270,Anica,Purselow,apurselow7h@google.com.au,Female,69.229.24.123
271,Cymbre,Burel,cburel7i@51.la,Female,213.161.61.159
272,Kilian,Ingon,kingon7j@ycombinator.com,Male,8.117.226.251
273,Eb,Edney,eedney7k@blinklist.com,Male,175.126.251.1
274,Helen-elizabeth,Attreed,hattreed7l@list-manage.com,Female,230.178.2.14
275,Connie,Vasiljevic,cvasiljevic7m@rambler.ru,Female,101.91.163.228
276,Thadeus,Mohammed,tmohammed7n@nydailynews.com,Male,90.9.220.3
277,Otis,Bowmen,obowmen7o@imdb.com,Male,74.123.236.84
278,Buck,Do,bdo7p@china.com.cn,Male,194.30.224.206
279,Wilhelm,Petrazzi,wpetrazzi7q@baidu.com,Male,152.84.200.149
280,Emmalynn,Andriuzzi,eandriuzzi7r@cnbc.com,Female,223.156.66.210
281,Marcile,Scryne,mscryne7s@cmu.edu,Female,19.3.13.186
282,Pegeen,Laingmaid,plaingmaid7t@va.gov,Female,55.210.125.207
283,Prentice,Mosedill,pmosedill7u@deviantart.com,Male,112.156.67.75
284,Nina,Faragan,nfaragan7v@livejournal.com,Female,192.134.40.172
285,Corbin,Harriot,charriot7w@patch.com,Male,8.103.216.189
286,Miof mela,Cuesta,mcuesta7x@usatoday.com,Female,82.251.126.180
287,Rosetta,Melmore,rmelmore7y@patch.com,Female,30.213.191.181
288,Trevor,Petrolli,tpetrolli7z@jigsy.com,Non-binary,243.42.169.164
289,Costanza,Oxtoby,coxtoby80@archive.org,Female,47.204.233.89
290,Binny,Bahls,bbahls81@nba.com,Genderqueer,248.255.4.110
291,Cody,Vase,cvase82@uol.com.br,Female,148.109.251.90
292,Nettie,Casa,ncasa83@uiuc.edu,Female,49.189.168.250
293,Lindy,Cranidge,lcranidge84@miibeian.gov.cn,Male,21.102.249.249
294,Gaylene,Dumbrell,gdumbrell85@sciencedirect.com,Female,64.35.6.68
295,Dean,Hutfield,dhutfield86@diigo.com,Male,168.252.68.175
296,Nikki,Yo,nyo87@ihg.com,Male,42.144.112.119
297,Karine,Kobes,kkobes88@toplist.cz,Female,105.216.72.238
298,Celia,Ballentime,cballentime89@imgur.com,Female,235.67.146.148
299,Yasmin,Aland,yaland8a@nature.com,Female,122.229.150.51
300,Demetra,Morford,dmorford8b@disqus.com,Female,248.62.68.209
301,Nicki,McDermott-Row,nmcdermottrow8c@spiegel.de,Female,152.160.167.204
302,Allison,Rutledge,arutledge8d@networkadvertising.org,Female,71.205.229.97
303,Carney,Shaughnessy,cshaughnessy8e@princeton.edu,Male,238.219.68.53
304,Dinah,Duding,dduding8f@nationalgeographic.com,Female,187.85.162.95
305,Sara-ann,Elkins,selkins8g@un.org,Female,199.175.5.102
306,Ansley,MacPadene,amacpadene8h@hc360.com,Female,204.20.73.61
307,Allene,Achromov,aachromov8i@hubpages.com,Female,113.178.26.247
308,Theobald,Dady,tdady8j@npr.org,Male,200.243.39.187
309,Olia,Briton,obriton8k@gov.uk,Female,125.22.79.147
310,Hazel,Firth,hfirth8l@t-online.de,Agender,110.192.132.75
311,Jaquelyn,Kleen,jkleen8m@oaic.gov.au,Female,113.102.25.214
312,Cheslie,Mewes,cmewes8n@blogger.com,Female,31.201.161.103
313,Yuri,Lack,ylack8o@amazon.co.jp,Male,206.167.103.43
314,Grady,Tobias,gtobias8p@vimeo.com,Male,180.57.11.104
315,Brenden,Ducarne,bducarne8q@berkeley.edu,Male,168.59.79.165
316,Chere,Feak,cfeak8r@acquirethisname.com,Female,77.47.123.110
317,Lola,Bossom,lbossom8s@cbc.ca,Female,26.101.104.215
318,Kurt,Joncic,kjoncic8t@princeton.edu,Male,48.59.166.198
319,Gayle,Spritt,gspritt8u@domainmarket.com,Female,51.43.208.106
320,Darill,Bilverstone,dbilverstone8v@cnet.com,Male,47.87.29.92
321,Phillis,Urry,purry8w@bigcartel.com,Genderfluid,197.62.31.14
322,Noel,Baseke,nbaseke8x@ca.gov,Female,217.187.59.111
323,Prudy,Tollady,ptollady8y@simplemachines.org,Female,134.77.219.32
324,Daria,Elbourn,delbourn8z@booking.com,Female,24.43.112.41
325,Clo,Eringey,ceringey90@jimdo.com,Female,163.117.8.204
326,Camey,Marskell,cmarskell91@home.pl,Male,161.42.30.221
327,Nady,Sheraton,nsheraton92@cdc.gov,Female,186.221.255.136
328,Rubetta,Cod,rcod93@discovery.com,Female,34.47.45.110
329,Clemmy,Artois,cartois94@google.com.hk,Female,159.234.167.98
330,Darlleen,O'Carrol,docarrol95@google.pl,Female,181.125.40.173
331,Ramonda,Lymbourne,rlymbourne96@cdc.gov,Female,175.95.27.241
332,Valencia,MacKimm,vmackimm97@shinystat.com,Female,232.59.26.199
333,Trumaine,Pashler,tpashler98@wordpress.com,Male,249.172.207.7
334,Darcee,Vahl,dvahl99@reddit.com,Female,86.26.122.136
335,Marna,Harwin,mharwin9a@ucla.edu,Female,121.110.114.148
336,Michaella,Schade,mschade9b@is.gd,Female,93.3.11.187
337,Loralie,Bertrand,lbertrand9c@vistaprint.com,Female,0.124.169.19
338,Tiff,Filer,tfiler9d@instagram.com,Bigender,169.247.20.77
339,Violette,Chessill,vchessill9e@booking.com,Female,35.158.96.228
340,Greggory,Johansson,gjohansson9f@cloudflare.com,Male,81.118.82.221
341,Anni,Balthasar,abalthasar9g@mac.com,Female,232.210.253.151
342,Brana,Trinbey,btrinbey9h@smh.com.au,Female,214.62.217.54
343,Benjie,Layzell,blayzell9i@geocities.jp,Male,73.127.85.235
344,Ruthanne,Matussow,rmatussow9j@sakura.ne.jp,Female,244.46.29.49
345,Sayre,McNair,smcnair9k@globo.com,Female,223.121.184.215
346,Cahra,Billingsly,cbillingsly9l@si.edu,Female,88.198.49.50
347,Lynn,Maycey,lmaycey9m@scribd.com,Male,63.132.34.49
348,Aridatha,Falkous,afalkous9n@tinypic.com,Female,188.116.157.104
349,Agnella,Dreger,adreger9o@friendfeed.com,Female,102.125.141.146
350,Peadar,Blazy,pblazy9p@360.cn,Agender,243.37.2.215
351,Yvor,McClaren,ymcclaren9q@newsvine.com,Bigender,53.187.62.76
352,Delmor,Caro,dcaro9r@ca.gov,Male,213.129.105.42
353,Morlee,Stonebanks,mstonebanks9s@zdnet.com,Male,74.252.125.20
354,Constancia,Latek,clatek9t@mtv.com,Genderfluid,164.55.216.18
355,Gannon,Eastmond,geastmond9u@java.com,Male,181.32.21.143
356,Arne,Arger,aarger9v@sun.com,Male,176.54.65.216
357,Myca,Corns,mcorns9w@ucla.edu,Male,84.10.205.230
358,Jerrome,Mulqueeny,jmulqueeny9x@networkadvertising.org,Male,198.150.171.186
359,Skippie,Knoton,sknoton9y@wikispaces.com,Male,148.31.197.0
360,Libbie,Renton,lrenton9z@usda.gov,Female,161.47.228.143
361,Emlyn,Karel,ekarela0@joomla.org,Female,42.186.193.233
362,Deck,McRannell,dmcrannella1@vistaprint.com,Male,188.183.61.204
363,Melodee,Browett,mbrowetta2@symantec.com,Polygender,167.189.40.26
364,Austine,Kettleson,akettlesona3@biglobe.ne.jp,Female,53.10.119.106
365,Chrissie,Branthwaite,cbranthwaitea4@hp.com,Male,238.186.102.12
366,Lucho,Turbitt,lturbitta5@pcworld.com,Male,70.147.74.85
367,Harv,Antoszczyk,hantoszczyka6@nydailynews.com,Male,1.254.77.245
368,Berky,Derycot,bderycota7@unblog.fr,Male,186.221.114.165
369,Haily,Cometti,hcomettia8@hp.com,Female,208.22.115.215
370,Sallyann,Baraja,sbarajaa9@ftc.gov,Female,156.12.168.124
371,Artus,Maghull,amaghullaa@cornell.edu,Male,119.156.165.112
372,Ellswerth,Simacek,esimacekab@foxnews.com,Male,203.30.87.216
373,Cordy,Gerriessen,cgerriessenac@bizjournals.com,Female,41.45.61.62
374,Carlie,Vasquez,cvasquezad@ted.com,Female,236.236.56.143
375,Shalne,Buey,sbueyae@360.cn,Female,39.187.10.17
376,Hermann,Lygoe,hlygoeaf@yahoo.com,Male,215.237.239.26
377,Ines,Waldren,iwaldrenag@imageshack.us,Female,214.177.154.124
378,Torrin,Slavin,tslavinah@ning.com,Male,60.158.187.243
379,Aindrea,Gabbott,agabbottai@stanford.edu,Female,230.36.90.100
380,Clarabelle,Isakov,cisakovaj@webs.com,Female,111.19.68.50
381,Jen,Wickwarth,jwickwarthak@newsvine.com,Female,195.110.119.100
382,Paulie,Lanegran,planegranal@wikia.com,Male,16.54.235.190
383,Elnora,Crehan,ecrehanam@dyndns.org,Female,126.164.153.55
384,Colas,Pentlow,cpentlowan@economist.com,Bigender,248.246.246.195
385,Evin,Hookes,ehookesao@smugmug.com,Male,91.60.28.226
386,Quill,Vine,qvineap@hugedomains.com,Male,128.205.84.44
387,Angelica,Wayland,awaylandaq@exblog.jp,Female,176.231.192.72
388,Larissa,Attard,lattardar@webmd.com,Female,232.83.223.167
389,Silvain,Varian,svarianas@foxnews.com,Male,206.15.242.52
390,Gannie,Bartak,gbartakat@uiuc.edu,Male,202.154.197.49
391,Renard,Burchnall,rburchnallau@who.int,Male,52.217.159.98
392,Frasco,Courage,fcourageav@newsvine.com,Male,13.88.128.241
393,Zena,Diss,zdissaw@bloglines.com,Genderfluid,101.23.44.62
394,Lyell,Portigall,lportigallax@squidoo.com,Agender,96.64.161.243
395,Anabelle,Gorling,agorlingay@sfgate.com,Female,149.168.220.49
396,Gilberto,Probert,gprobertaz@tripadvisor.com,Male,11.66.174.117
397,Patricio,Danilevich,pdanilevichb0@deliciousdays.com,Male,246.212.138.218
398,Bunni,Pennetti,bpennettib1@sciencedaily.com,Female,86.203.125.20
399,Jolene,Leverett,jleverettb2@pinterest.com,Female,19.224.115.128
400,Padraic,Weston,pwestonb3@rediff.com,Male,146.76.6.243
401,Urson,Sarney,usarneyb4@exblog.jp,Male,108.255.7.167
402,Ardra,Clemes,aclemesb5@alexa.com,Female,154.111.241.108
403,Aleece,Doogue,adoogueb6@boston.com,Female,22.149.56.53
404,Avictor,Rogister,arogisterb7@harvard.edu,Agender,68.41.117.87
405,Merilyn,Haston,mhastonb8@unc.edu,Agender,104.77.107.244
406,Lotta,Harwell,lharwellb9@reference.com,Female,46.92.159.75
407,Kelsey,Christaeas,kchristaeasba@biblegateway.com,Female,167.101.170.15
408,Ruthanne,Vreiberg,rvreibergbb@tuttocitta.it,Female,25.218.14.196
409,Fairleigh,Crispe,fcrispebc@surveymonkey.com,Male,52.207.20.255
410,Latrina,Fomichyov,lfomichyovbd@dion.ne.jp,Female,84.225.182.87
411,Peggie,McLaggan,pmclagganbe@cpanel.net,Female,206.132.189.137
412,Marta,Pettendrich,mpettendrichbf@time.com,Female,86.61.96.18
413,Meier,Craydon,mcraydonbg@disqus.com,Male,177.200.66.194
414,Elmore,Pierro,epierrobh@geocities.jp,Male,249.222.39.67
415,Tabbatha,Runcieman,trunciemanbi@issuu.com,Genderfluid,4.168.206.200
416,Josephine,Bullan,jbullanbj@google.it,Female,142.8.227.105
417,Rubie,Tather,rtatherbk@census.gov,Female,176.62.250.243
418,Etti,Grahl,egrahlbl@meetup.com,Female,167.158.107.235
419,Tomas,Ellor,tellorbm@indiatimes.com,Genderqueer,192.228.32.2
420,Walsh,Fenning,wfenningbn@prnewswire.com,Male,61.193.196.201
421,Lindy,Marqyes,lmarqyesbo@scientificamerican.com,Male,127.178.26.145
422,Pandora,Mendel,pmendelbp@elegantthemes.com,Female,78.145.169.20
423,Alfonso,Stoppard,astoppardbq@comsenz.com,Male,108.85.198.63
424,Hewe,Oki,hokibr@aol.com,Male,245.96.82.77
425,Ely,Ewols,eewolsbs@wiley.com,Male,229.166.172.18
426,Tyrus,Gohn,tgohnbt@naver.com,Male,105.16.173.13
427,Farand,Dunford,fdunfordbu@blinklist.com,Female,49.192.33.159
428,Sammie,Flewin,sflewinbv@merriam-webster.com,Male,185.66.41.214
429,Liuka,McGriele,lmcgrielebw@uol.com.br,Female,58.9.55.239
430,Olympie,Gumm,ogummbx@fotki.com,Female,13.235.106.156
431,Aubine,Bricknall,abricknallby@buzzfeed.com,Female,230.93.6.33
432,Ola,Oehm,ooehmbz@devhub.com,Female,63.211.66.57
433,Amandi,Eisold,aeisoldc0@businessinsider.com,Female,161.47.64.18
434,Finn,Maffucci,fmaffuccic1@google.ca,Male,158.224.231.43
435,Gabie,Ramas,gramasc2@sphinn.com,Genderqueer,87.69.174.88
436,Velvet,Caig,vcaigc3@fema.gov,Female,59.149.144.172
437,Editha,Arnaudot,earnaudotc4@aol.com,Female,113.19.109.238
438,Merell,Copcutt,mcopcuttc5@wikipedia.org,Agender,146.211.118.108
439,Tabina,Redgewell,tredgewellc6@barnesandnoble.com,Genderqueer,255.100.107.131
440,Lonna,Balstone,lbalstonec7@imageshack.us,Female,225.12.7.0
441,Mason,Rapson,mrapsonc8@behance.net,Male,202.231.125.129
442,Cly,Stancliffe,cstancliffec9@wikia.com,Male,31.207.140.25
443,Lauren,Yeowell,lyeowellca@zimbio.com,Male,32.64.7.141
444,Townsend,MacLaren,tmaclarencb@miitbeian.gov.cn,Male,244.73.233.11
445,Mina,Pirkis,mpirkiscc@princeton.edu,Polygender,23.107.175.150
446,Lorri,Tunnicliffe,ltunnicliffecd@businesswire.com,Female,241.63.243.42
447,Gerek,Qualtrough,gqualtroughce@about.me,Male,28.15.96.151
448,Jo,Ewenson,jewensoncf@hp.com,Male,110.227.173.74
449,Dana,De Mico,ddemicocg@hp.com,Male,40.199.224.93
450,Merell,Coutthart,mcoutthartch@omniture.com,Male,127.146.227.170
451,Mile,Palister,mpalisterci@samsung.com,Male,73.250.96.92
452,Graehme,Shaylor,gshaylorcj@goo.gl,Male,207.135.129.194
453,Walsh,Kristiansen,wkristiansenck@parallels.com,Male,93.120.45.124
454,Harriet,Sarfass,hsarfasscl@printfriendly.com,Female,178.223.170.217
455,Randi,Dooney,rdooneycm@reuters.com,Female,26.48.179.220
456,Willabella,Dutteridge,wdutteridgecn@jugem.jp,Female,142.1.211.126
457,Rici,Million,rmillionco@issuu.com,Female,32.236.162.6
458,Benedetto,Goom,bgoomcp@ycombinator.com,Male,197.153.221.214
459,Callida,Scatchard,cscatchardcq@whitehouse.gov,Female,143.1.40.80
460,Shelia,Eastope,seastopecr@cdc.gov,Female,18.56.237.144
461,Perice,Clawsley,pclawsleycs@discuz.net,Male,226.134.248.116
462,Edan,Chellam,echellamct@exblog.jp,Male,201.69.177.95
463,Theodosia,Insley,tinsleycu@tmall.com,Female,117.227.78.146
464,Pace,Hoodless,phoodlesscv@microsoft.com,Male,12.29.185.141
465,Agathe,Frome,afromecw@stumbleupon.com,Polygender,38.150.126.73
466,Tarrah,Stanwix,tstanwixcx@hibu.com,Female,96.237.87.246
467,Lian,Chestnut,lchestnutcy@macromedia.com,Non-binary,191.47.111.228
468,Valry,Mityakov,vmityakovcz@w3.org,Genderqueer,207.110.253.12
469,Farleigh,Cornelis,fcornelisd0@dyndns.org,Male,236.178.223.139
470,Janean,Choudhury,jchoudhuryd1@vistaprint.com,Female,174.195.14.56
471,Yorgo,Ost,yostd2@tiny.cc,Male,18.128.46.215
472,Betsey,Dufty,bduftyd3@rakuten.co.jp,Female,180.72.47.122
473,Janot,Le Breton,jlebretond4@amazon.co.jp,Female,143.157.21.43
474,Stephannie,Paris,sparisd5@naver.com,Female,164.46.226.245
475,Redford,O'Duilleain,roduilleaind6@chicagotribune.com,Male,229.47.43.22
476,Tobi,Seymour,tseymourd7@bbb.org,Female,208.75.237.19
477,Reiko,Haquard,rhaquardd8@ft.com,Female,75.178.137.248
478,Theo,Maffucci,tmaffuccid9@sciencedirect.com,Female,65.16.196.207
479,Ana,Szreter,aszreterda@blogger.com,Female,143.91.254.23
480,Betti,Lettson,blettsondb@huffingtonpost.com,Female,194.14.72.13
481,Lorilyn,Makey,lmakeydc@yellowpages.com,Female,199.124.215.162
482,Den,Terrell,dterrelldd@i2i.jp,Male,125.200.49.63
483,Robby,Kiwitz,rkiwitzde@irs.gov,Female,73.215.112.196
484,Whitby,Pattesall,wpattesalldf@1688.com,Bigender,106.137.62.236
485,Holli,Summerrell,hsummerrelldg@guardian.co.uk,Female,206.119.26.69
486,Noni,Zorer,nzorerdh@shop-pro.jp,Female,139.184.62.82
487,Virgie,Dunkersley,vdunkersleydi@nih.gov,Female,83.96.126.190
488,Torrance,Gouldstone,tgouldstonedj@cnet.com,Male,70.187.135.237
489,Ingrid,Leyzell,ileyzelldk@engadget.com,Female,1.119.16.248
490,Merilyn,Mayward,mmaywarddl@github.com,Female,138.222.32.83
491,Constance,Drayson,cdraysondm@whitehouse.gov,Female,237.159.46.72
492,Kelli,Tatters,ktattersdn@hao123.com,Female,248.112.40.161
493,Davie,Grogono,dgrogonodo@shareasale.com,Male,246.203.243.187
494,Gerick,Stealey,gstealeydp@noaa.gov,Male,182.152.169.26
495,Ezechiel,Jenne,ejennedq@acquirethisname.com,Male,117.180.197.129
496,Artur,Bruna,abrunadr@sun.com,Male,54.124.75.131
497,Lexine,Backes,lbackesds@comsenz.com,Female,166.89.226.204
498,Stephanie,Merrgan,smerrgandt@jiathis.com,Female,26.17.176.101
499,Kirstin,Lawther,klawtherdu@domainmarket.com,Non-binary,62.72.211.25
500,Heloise,Landor,hlandordv@mysql.com,Non-binary,226.163.92.186
501,Winonah,Hryncewicz,whryncewiczdw@mozilla.com,Female,185.158.27.97
502,Ethelda,Pieter,epieterdx@is.gd,Female,29.210.148.117
503,Brunhilda,Wheatland,bwheatlanddy@blog.com,Polygender,229.144.140.159
504,Godard,Aldins,galdinsdz@dagondesign.com,Male,147.25.201.89
505,Rhett,Pitt,rpitte0@meetup.com,Male,213.198.9.244
506,Shellie,Cubbini,scubbinie1@wikipedia.org,Female,99.73.182.149
507,Bogart,Lanchester,blanchestere2@usgs.gov,Male,137.6.232.195
508,Tymothy,Stapele,tstapelee3@homestead.com,Male,46.200.57.213
509,Kasper,Legendre,klegendree4@apache.org,Male,251.107.241.155
510,Catherina,Broadhurst,cbroadhurste5@imageshack.us,Polygender,255.110.56.91
511,Brett,Smorthit,bsmorthite6@army.mil,Female,165.7.42.160
512,Edvard,Scoon,escoone7@netlog.com,Male,1.50.170.73
513,Trisha,Baroch,tbaroche8@skype.com,Female,130.174.112.133
514,Gisella,Parsonage,gparsonagee9@who.int,Female,195.9.199.61
515,Collin,Yellowley,cyellowleyea@dagondesign.com,Male,33.253.203.62
516,Weylin,Croal,wcroaleb@google.nl,Male,82.30.4.73
517,Helaine,Padillo,hpadilloec@abc.net.au,Female,52.91.66.121
518,Egor,Beaze,ebeazeed@mapquest.com,Male,206.241.147.184
519,Trevar,Tatlow,ttatlowee@deliciousdays.com,Male,27.47.101.100
520,Harri,Dugald,hdugaldef@statcounter.com,Female,181.55.0.102
521,Maddy,Lemery,mlemeryeg@cnn.com,Male,63.152.72.113
522,Marketa,Donkersley,mdonkersleyeh@tinypic.com,Female,4.151.236.167
523,Celestine,Joincey,cjoinceyei@home.pl,Female,47.104.133.240
524,Murdoch,Absolom,mabsolomej@pen.io,Male,76.241.64.236
525,Eyde,Fishenden,efishendenek@scribd.com,Female,174.164.114.231
526,Tamar,Whales,twhalesel@dailymail.co.uk,Female,208.36.52.154
527,Christye,Panketh,cpankethem@sciencedirect.com,Female,152.82.39.45
528,Lefty,Cohani,lcohanien@yandex.ru,Male,101.108.186.137
529,Jaquith,Abbado,jabbadoeo@cmu.edu,Female,132.133.93.119
530,Mei,Notman,mnotmanep@biblegateway.com,Female,114.11.3.8
531,Henrik,Ransome,hransomeeq@senate.gov,Genderqueer,69.115.72.165
532,Towny,Twinborough,ttwinborougher@omniture.com,Male,55.96.229.11
533,Sloan,Druce,sdrucees@va.gov,Male,235.253.57.216
534,Bianca,Reaper,breaperet@wiley.com,Agender,164.53.151.25
535,Cointon,Wayte,cwayteeu@1688.com,Male,220.110.88.177
536,Flinn,Pracy,fpracyev@engadget.com,Non-binary,153.205.22.181
537,Gilda,Prettyjohns,gprettyjohnsew@globo.com,Female,145.217.25.239
538,Allis,Jellis,ajellisex@free.fr,Female,38.47.124.14
539,Sybil,Wherton,swhertoney@ted.com,Female,50.179.224.86
540,Lotty,Izzatt,lizzattez@ustream.tv,Non-binary,8.196.216.221
541,Valentine,Gearing,vgearingf0@163.com,Male,87.100.29.203
542,Margery,Frift,mfriftf1@51.la,Female,48.17.209.113
543,Dionne,Norfolk,dnorfolkf2@bloomberg.com,Female,49.186.67.203
544,Kassia,Duplan,kduplanf3@nsw.gov.au,Female,133.84.42.102
545,Gwynne,Bucke,gbuckef4@imageshack.us,Female,93.127.62.127
546,Seka,Duddy,sduddyf5@so-net.ne.jp,Female,130.75.253.3
547,Raviv,Waudby,rwaudbyf6@fema.gov,Male,248.119.182.199
548,Lurlene,Kachel,lkachelf7@techcrunch.com,Female,150.99.48.118
549,Bridget,McKea,bmckeaf8@clickbank.net,Female,168.50.164.27
550,Wilt,Zupo,wzupof9@chicagotribune.com,Male,114.37.234.249
551,Gustav,Hale,ghalefa@youtube.com,Male,109.177.26.149
552,Kalle,Rew,krewfb@redcross.org,Male,138.166.230.250
553,Lucias,Yegorchenkov,lyegorchenkovfc@cbc.ca,Male,107.9.202.118
554,Scarlett,Risbridge,srisbridgefd@army.mil,Female,68.68.195.4
555,Fleur,Celle,fcellefe@uol.com.br,Genderfluid,138.15.157.29
556,Cesya,Seres,cseresff@loc.gov,Agender,166.7.79.99
557,Stanislaw,Folshom,sfolshomfg@slideshare.net,Male,153.12.66.189
558,Hastings,Parcell,hparcellfh@phoca.cz,Male,5.113.59.240
559,Kerrin,Lorenzetto,klorenzettofi@twitpic.com,Genderqueer,222.172.181.99
560,Urbain,Morfell,umorfellfj@goo.ne.jp,Male,215.85.92.140
561,Reamonn,Boich,rboichfk@reddit.com,Male,80.254.208.137
562,Cirstoforo,Kuzma,ckuzmafl@weebly.com,Male,158.123.17.140
563,Seamus,Pyett,spyettfm@seesaa.net,Male,166.172.109.150
564,Ysabel,MacGrath,ymacgrathfn@t.co,Female,227.23.20.236
565,Evy,Rayman,eraymanfo@mozilla.org,Female,17.193.196.182
566,Fairlie,Mills,fmillsfp@columbia.edu,Male,48.167.236.36
567,Carla,Stiller,cstillerfq@google.com,Female,69.245.50.241
568,Alis,Burrage,aburragefr@discuz.net,Female,77.104.17.130
569,Xylia,Crottagh,xcrottaghfs@tripod.com,Female,202.228.175.66
570,Adlai,Esslement,aesslementft@quantcast.com,Genderqueer,84.133.239.162
571,Elsinore,Filippyev,efilippyevfu@blogger.com,Female,175.248.230.70
572,Phillipp,Grenkov,pgrenkovfv@thetimes.co.uk,Male,206.226.208.223
573,Breanne,Hurt,bhurtfw@icq.com,Female,139.230.113.44
574,Menard,Sarll,msarllfx@uol.com.br,Male,207.187.18.215
575,Danya,Stolz,dstolzfy@mashable.com,Non-binary,222.33.79.142
576,Mabelle,O'Heneghan,moheneghanfz@jalbum.net,Female,232.218.74.247
577,Kerwin,Cockrill,kcockrillg0@japanpost.jp,Male,11.129.36.52
578,Yancy,Castellan,ycastellang1@discovery.com,Genderfluid,16.158.119.62
579,Raphael,Merlin,rmerling2@google.nl,Male,205.142.78.51
580,Jeana,Avann,javanng3@apple.com,Female,132.46.31.10
581,Anni,Habershaw,ahabershawg4@blogspot.com,Female,196.216.195.14
582,Helaina,Yetts,hyettsg5@cdc.gov,Female,68.101.84.83
583,Worth,Hillaby,whillabyg6@angelfire.com,Male,88.94.17.136
584,Sybil,Deporte,sdeporteg7@chron.com,Female,40.86.198.206
585,Ardyce,Shilling,ashillingg8@google.nl,Polygender,6.116.29.110
586,Francis,McPhaden,fmcphadeng9@wisc.edu,Male,223.212.34.241
587,Shaine,Pettet,spettetga@google.fr,Female,12.58.203.136
588,Burgess,Parrett,bparrettgb@amazon.co.jp,Male,216.215.53.212
589,Lilias,Gerriessen,lgerriessengc@dailymotion.com,Female,252.28.146.87
590,Kacy,Gerding,kgerdinggd@salon.com,Female,197.248.232.220
591,Phaedra,Henricsson,phenricssonge@gnu.org,Female,23.210.169.203
592,Vernen,Scott,vscottgf@washington.edu,Male,39.75.62.131
593,Janene,Bambrick,jbambrickgg@discuz.net,Female,32.171.57.53
594,Cesya,Wyness,cwynessgh@devhub.com,Female,200.129.81.16
595,Willow,Rooze,wroozegi@wisc.edu,Female,210.34.58.152
596,Alfredo,Brandel,abrandelgj@free.fr,Male,223.187.123.211
597,Ben,Schulze,bschulzegk@yandex.ru,Male,254.89.128.99
598,Waylon,Gori,wgorigl@bbb.org,Male,86.248.14.208
599,Jacquelin,McMurtyr,jmcmurtyrgm@state.tx.us,Female,243.243.104.93
600,Kele,Lewsie,klewsiegn@wordpress.com,Male,105.112.206.108
601,Flor,Nowakowska,fnowakowskago@mashable.com,Female,86.245.175.124
602,Ewen,Schimon,eschimongp@amazonaws.com,Male,191.218.110.11
603,Taite,Flowerden,tflowerdengq@feedburner.com,Male,205.10.58.88
604,Algernon,Branchett,abranchettgr@usda.gov,Male,143.83.237.196
605,Berna,Ygo,bygogs@canalblog.com,Female,250.63.188.157
606,Henrie,Ivashev,hivashevgt@mapquest.com,Agender,29.226.79.142
607,Abagael,Solan,asolangu@umich.edu,Female,143.19.144.150
608,Wade,Dungey,wdungeygv@usatoday.com,Male,13.3.228.191
609,Marcellus,Dubery,mduberygw@springer.com,Male,156.236.6.71
610,Karel,Beardsley,kbeardsleygx@harvard.edu,Male,85.238.30.98
611,Ransell,Cossons,rcossonsgy@dyndns.org,Agender,233.39.7.17
612,Kelby,Cullinan,kcullinangz@soup.io,Male,246.27.223.110
613,Rollo,Sailor,rsailorh0@is.gd,Genderfluid,176.200.108.68
614,Rollins,Marchetti,rmarchettih1@reddit.com,Male,129.254.224.70
615,Anissa,Orhrt,aorhrth2@illinois.edu,Female,78.7.228.229
616,Quinton,Bolland,qbollandh3@nhs.uk,Male,103.175.160.12
617,Olympe,Westall,owestallh4@bloomberg.com,Genderfluid,160.125.39.167
618,Maurise,Outram,moutramh5@examiner.com,Female,111.217.69.228
619,Jude,Biaggiotti,jbiaggiottih6@telegraph.co.uk,Male,159.253.90.41
620,Bathsheba,Maudsley,bmaudsleyh7@mtv.com,Female,38.205.252.23
621,Tammy,Gayden,tgaydenh8@boston.com,Female,2.178.85.176
622,Poul,Groundwater,pgroundwaterh9@tinypic.com,Non-binary,241.228.194.203
623,Alonso,Howle,ahowleha@wikipedia.org,Male,232.238.118.246
624,Silvie,Spadoni,sspadonihb@zdnet.com,Female,107.17.169.247
625,Pinchas,Behnecken,pbehneckenhc@wp.com,Male,138.150.150.215
626,Angel,Huckster,ahucksterhd@soup.io,Agender,42.224.18.117
627,Nicole,Ortet,nortethe@google.ru,Female,144.166.158.53
628,Dermot,Gateshill,dgateshillhf@friendfeed.com,Male,175.42.22.123
629,Edie,Henriet,ehenriethg@abc.net.au,Female,81.175.208.42
630,Marion,Neligan,mneliganhh@howstuffworks.com,Female,7.216.128.155
631,Cecile,Reppaport,creppaporthi@telegraph.co.uk,Female,135.195.253.0
632,Byran,Maffini,bmaffinihj@wiley.com,Male,91.135.137.132
633,Phil,Orman,pormanhk@jigsy.com,Female,165.219.58.252
634,Yank,Alsina,yalsinahl@indiegogo.com,Genderfluid,171.55.78.89
635,Ringo,Mycock,rmycockhm@nasa.gov,Male,121.116.237.63
636,Ignatius,Rubi,irubihn@oracle.com,Male,126.32.59.117
637,Honor,Cutbush,hcutbushho@google.nl,Genderfluid,85.45.80.202
638,Etty,Ambrose,eambrosehp@yolasite.com,Female,192.117.193.153
639,Celestyn,Goodwyn,cgoodwynhq@adobe.com,Female,247.123.128.6
640,Court,Halley,challeyhr@rakuten.co.jp,Male,41.62.135.228
641,Jessika,Erickssen,jerickssenhs@pagesperso-orange.fr,Female,242.233.12.32
642,Cloris,Melville,cmelvilleht@gravatar.com,Female,172.127.34.152
643,Marleen,Hirtz,mhirtzhu@soundcloud.com,Polygender,128.32.122.77
644,Sheila,Simonetti,ssimonettihv@symantec.com,Female,188.201.224.107
645,Othella,Brusle,obruslehw@icq.com,Female,155.11.90.236
646,Pascal,Kneeland,pkneelandhx@unblog.fr,Male,204.151.122.85
647,Arie,Bumpass,abumpasshy@opera.com,Male,36.102.70.245
648,Winnifred,Whiteman,wwhitemanhz@time.com,Female,210.241.55.204
649,Chariot,Dunbobbin,cdunbobbini0@unicef.org,Male,120.112.191.147
650,Shay,Enterle,senterlei1@nps.gov,Female,183.16.166.127
651,Dag,Todhunter,dtodhunteri2@creativecommons.org,Male,118.220.242.29
652,Nicole,Van Baaren,nvanbaareni3@skyrock.com,Female,29.123.184.70
653,Temple,Kirby,tkirbyi4@privacy.gov.au,Male,62.196.0.196
654,Illa,Petteford,ipettefordi5@linkedin.com,Female,159.89.80.118
655,Galina,Winchurst,gwinchursti6@google.com,Female,184.36.82.113
656,Roderick,Chittim,rchittimi7@yahoo.co.jp,Male,236.211.71.159
657,Phil,Blaschek,pblascheki8@fda.gov,Male,249.37.147.121
658,Neville,Coalburn,ncoalburni9@wordpress.com,Male,174.240.47.146
659,Dunn,Eskell,deskellia@adobe.com,Male,209.217.73.191
660,Meggie,Dannehl,mdannehlib@ovh.net,Female,135.43.137.94
661,Granny,Challicombe,gchallicombeic@hugedomains.com,Male,3.186.68.249
662,Kordula,O'Loinn,koloinnid@businessinsider.com,Female,73.75.237.148
663,Curran,Pelman,cpelmanie@ifeng.com,Male,124.100.129.1
664,Archibold,Elkins,aelkinsif@youku.com,Male,0.217.86.228
665,Hortense,Baal,hbaalig@spotify.com,Female,227.107.241.132
666,Murdoch,Burdis,mburdisih@sitemeter.com,Male,194.221.88.225
667,Broddy,Cannon,bcannonii@latimes.com,Male,249.190.244.29
668,Pavel,Pechet,ppechetij@acquirethisname.com,Male,114.15.239.246
669,Alfie,Rohfsen,arohfsenik@fc2.com,Male,173.174.219.101
670,Gussie,Fison,gfisonil@histats.com,Female,73.137.64.47
671,Jacklin,Dalrymple,jdalrympleim@elpais.com,Female,94.255.132.178
672,Nicolas,Covington,ncovingtonin@taobao.com,Male,228.145.85.100
673,Adelind,Sandle,asandleio@nbcnews.com,Female,84.198.78.144
674,Rozina,Burleton,rburletonip@japanpost.jp,Female,187.153.38.225
675,Grier,Gergher,ggergheriq@dion.ne.jp,Female,106.125.35.179
676,Xylia,Oakeshott,xoakeshottir@ed.gov,Female,132.18.146.91
677,Ava,Brickell,abrickellis@weebly.com,Female,251.91.65.214
678,Aldric,Sleight,asleightit@qq.com,Male,193.13.159.95
679,Elisa,Halfhyde,ehalfhydeiu@vkontakte.ru,Female,136.253.200.249
680,Rici,Lickorish,rlickorishiv@mtv.com,Female,239.69.186.54
681,Issiah,Clubley,iclubleyiw@ow.ly,Male,220.97.10.0
682,Thomasina,Curl,tcurlix@uol.com.br,Female,138.165.48.38
683,Caroljean,Cahillane,ccahillaneiy@earthlink.net,Agender,127.16.217.129
684,Jody,Rosin,jrosiniz@skype.com,Female,247.176.239.46
685,Pamelina,Corrado,pcorradoj0@skyrock.com,Female,30.187.59.162
686,Mari,Ofer,moferj1@baidu.com,Female,162.129.43.97
687,Eli,Goodey,egoodeyj2@sitemeter.com,Male,137.254.247.226
688,Herc,Sweedy,hsweedyj3@adobe.com,Genderfluid,30.53.52.195
689,Gilburt,Kipling,gkiplingj4@gov.uk,Male,85.167.103.207
690,Emelen,Thomtson,ethomtsonj5@auda.org.au,Male,22.46.117.8
691,Eleen,Turbern,eturbernj6@amazon.de,Female,167.237.230.253
692,Gerik,Trouncer,gtrouncerj7@umich.edu,Male,116.124.105.169
693,Bruno,Prater,bpraterj8@google.it,Male,45.77.160.201
694,Ollie,Humbee,ohumbeej9@joomla.org,Male,191.158.71.182
695,Aldo,Harvey,aharveyja@issuu.com,Genderqueer,53.61.206.34
696,Jean,Burleigh,jburleighjb@utexas.edu,Male,64.185.126.186
697,Fleming,Yanukhin,fyanukhinjc@wisc.edu,Male,88.241.200.247
698,Russell,McNea,rmcneajd@sina.com.cn,Male,227.77.16.18
699,Sara,Cordet,scordetje@biglobe.ne.jp,Female,117.213.91.47
700,Base,Skitteral,bskitteraljf@wikia.com,Male,173.141.96.156
701,Jereme,Wearden,jweardenjg@networksolutions.com,Male,76.129.85.209
702,Kendrick,Kelwick,kkelwickjh@bloglovin.com,Male,17.105.232.143
703,Candie,Excell,cexcellji@google.pl,Female,101.88.185.161
704,Kyle,Trangmar,ktrangmarjj@epa.gov,Male,86.163.0.158
705,Carroll,Acock,cacockjk@google.co.uk,Male,102.130.86.32
706,Panchito,Newis,pnewisjl@nasa.gov,Male,98.52.173.2
707,Olav,Chittey,ochitteyjm@goo.ne.jp,Male,66.189.229.73
708,Lilllie,Vinter,lvinterjn@columbia.edu,Female,159.218.252.184
709,Rozanna,Banstead,rbansteadjo@sun.com,Female,156.39.174.113
710,Kelsi,Furness,kfurnessjp@mac.com,Female,77.142.50.225
711,Tait,Bollins,tbollinsjq@histats.com,Male,47.209.144.82
712,Johan,Wingham,jwinghamjr@i2i.jp,Genderqueer,190.20.90.10
713,Farand,Guillem,fguillemjs@bbc.co.uk,Female,84.113.170.211
714,Melloney,Malek,mmalekjt@nba.com,Female,104.51.60.65
715,Reinold,Cornels,rcornelsju@newyorker.com,Male,130.11.19.190
716,Meg,Delbergue,mdelberguejv@ucoz.com,Female,84.184.179.254
717,Pen,Liveing,pliveingjw@xrea.com,Bigender,216.90.27.211
718,Emelita,Besque,ebesquejx@youtube.com,Female,230.197.27.202
719,Sarah,Sharpin,ssharpinjy@engadget.com,Agender,84.69.205.15
720,Ronnica,Fabb,rfabbjz@themeforest.net,Female,252.58.88.204
721,Sarina,Ayrton,sayrtonk0@cpanel.net,Female,6.28.175.215
722,Aryn,Selby,aselbyk1@joomla.org,Female,25.160.120.233
723,Kimbell,Kattenhorn,kkattenhornk2@ustream.tv,Male,164.204.161.27
724,Bobbette,Beyne,bbeynek3@tamu.edu,Female,252.200.167.148
725,Shawna,Parlett,sparlettk4@mysql.com,Female,180.245.228.227
726,Terrie,Passingham,tpassinghamk5@home.pl,Female,211.248.23.97
727,Joshia,Rioch,jriochk6@wired.com,Male,249.44.183.114
728,Lisette,Goburn,lgoburnk7@baidu.com,Female,82.204.65.2
729,Fidelity,Kment,fkmentk8@cpanel.net,Female,87.68.192.189
730,Vania,Tigwell,vtigwellk9@tmall.com,Female,179.132.89.83
731,Coralyn,Winters,cwinterska@delicious.com,Female,255.52.204.104
732,Tedie,Ferschke,tferschkekb@apple.com,Polygender,182.161.136.228
733,Demetris,Pulteneye,dpulteneyekc@ustream.tv,Male,151.148.21.47
734,Ahmad,Dennistoun,adennistounkd@printfriendly.com,Male,182.105.103.103
735,Noll,Claybourne,nclaybourneke@spiegel.de,Male,82.234.55.125
736,Tann,January,tjanuarykf@ow.ly,Male,14.58.190.196
737,Camile,Phethean,cphetheankg@artisteer.com,Bigender,123.13.220.115
738,Wit,Faint,wfaintkh@cdc.gov,Male,124.185.95.7
739,Arvie,Eckart,aeckartki@privacy.gov.au,Male,5.15.68.85
740,Luciana,Shilito,lshilitokj@virginia.edu,Female,9.138.82.146
741,Fidelio,Tamburo,ftamburokk@wsj.com,Male,139.210.143.55
742,Hayward,Browell,hbrowellkl@bluehost.com,Male,103.29.142.208
743,Marquita,Lorryman,mlorrymankm@alibaba.com,Female,97.202.107.126
744,Ingmar,Lanyon,ilanyonkn@baidu.com,Male,15.29.192.131
745,Ulrika,Huerta,uhuertako@noaa.gov,Female,134.183.14.118
746,Teresina,Balogun,tbalogunkp@storify.com,Female,27.215.80.235
747,Riley,De Roberto,rderobertokq@elpais.com,Male,102.38.224.248
748,Parrnell,Skippon,pskipponkr@imgur.com,Male,151.9.179.194
749,Stuart,Mingardi,smingardiks@dion.ne.jp,Male,146.221.150.102
750,Donny,Pattison,dpattisonkt@spotify.com,Male,51.230.150.78
751,Adelind,Casseldine,acasseldineku@tripadvisor.com,Female,146.203.24.104
752,Jayme,Prattin,jprattinkv@virginia.edu,Male,180.78.61.136
753,Tobin,Bartalot,tbartalotkw@house.gov,Male,205.135.9.113
754,Robers,Chatelet,rchateletkx@addthis.com,Genderfluid,28.180.205.59
755,Chevalier,Carpmile,ccarpmileky@usgs.gov,Male,230.31.166.216
756,Hesther,Sellek,hsellekkz@mtv.com,Female,4.19.36.188
757,Dominik,Courcey,dcourceyl0@prnewswire.com,Male,237.153.190.133
758,Esma,Rosenblatt,erosenblattl1@google.com.au,Female,88.164.119.39
759,Thomasina,Tegeller,ttegellerl2@marketwatch.com,Female,140.245.227.65
760,Jana,MacNulty,jmacnultyl3@aol.com,Non-binary,112.164.169.181
761,Dusty,Galtone,dgaltonel4@cnet.com,Female,81.87.137.135
762,Jeramey,Snipe,jsnipel5@gov.uk,Male,147.112.69.50
763,Mariska,Paddeley,mpaddeleyl6@taobao.com,Female,0.87.181.196
764,John,Poxon,jpoxonl7@taobao.com,Male,147.254.64.33
765,Catherin,Burgise,cburgisel8@posterous.com,Female,171.240.150.14
766,Goldi,Block,gblockl9@accuweather.com,Female,65.233.70.129
767,Ursulina,Alexsandrowicz,ualexsandrowiczla@weebly.com,Female,182.241.14.136
768,Valene,Fydoe,vfydoelb@nationalgeographic.com,Female,118.2.156.233
769,Zach,Gourdon,zgourdonlc@wikimedia.org,Male,46.35.85.59
770,Josy,Le Estut,jleestutld@bloglovin.com,Female,73.255.206.140
771,Eugine,Bartak,ebartakle@si.edu,Female,75.162.89.108
772,Cristy,Mazzia,cmazzialf@mlb.com,Non-binary,213.21.117.186
773,Kelley,Helliar,khelliarlg@bravesites.com,Male,51.148.190.36
774,Tootsie,Bellinger,tbellingerlh@skype.com,Female,9.194.253.128
775,Slade,Poff,spoffli@yelp.com,Male,14.115.65.180
776,Peria,Postles,ppostleslj@pagesperso-orange.fr,Female,225.62.32.83
777,Godard,Espie,gespielk@netscape.com,Male,206.62.62.248
778,Jasun,Rubery,jruberyll@behance.net,Male,4.171.61.227
779,Bale,Reeme,breemelm@taobao.com,Male,211.64.105.89
780,Douglas,Veldman,dveldmanln@umn.edu,Male,60.204.67.203
781,Donal,Downgate,ddowngatelo@home.pl,Male,160.124.215.245
782,Wood,Odo,wodolp@examiner.com,Male,55.189.172.96
783,Edgard,Eicheler,eeichelerlq@sakura.ne.jp,Agender,225.13.127.179
784,Dix,Petigrew,dpetigrewlr@nyu.edu,Female,251.217.77.67
785,Bobinette,Grenshiels,bgrenshielsls@amazon.co.uk,Female,235.24.16.71
786,Fidelity,Bellingham,fbellinghamlt@geocities.com,Agender,160.112.159.0
787,Verna,Daens,vdaenslu@smugmug.com,Female,71.184.97.0
788,Fidelia,Blackie,fblackielv@mapquest.com,Female,200.241.169.20
789,Jens,Moline,jmolinelw@weebly.com,Male,221.224.33.214
790,Augusta,Dempsey,adempseylx@geocities.jp,Female,153.126.77.16
791,Bryna,Terlinden,bterlindenly@github.com,Female,78.59.193.226
792,Meara,Wearden,mweardenlz@vk.com,Genderfluid,120.211.153.2
793,Ursuline,Apps,uappsm0@wikipedia.org,Female,29.185.50.189
794,Camilla,Prettyman,cprettymanm1@umich.edu,Female,222.224.153.228
795,Clarinda,Wilman,cwilmanm2@kickstarter.com,Female,155.243.219.94
796,Gill,Redman,gredmanm3@theguardian.com,Male,200.146.228.1
797,Kent,Dunseath,kdunseathm4@about.com,Male,228.167.176.222
798,Michel,Burston,mburstonm5@elpais.com,Male,84.117.215.117
799,Aurel,Kenelin,akenelinm6@upenn.edu,Female,220.92.52.255
800,Earl,Toynbee,etoynbeem7@state.tx.us,Male,114.10.7.66
801,Nowell,Sherred,nsherredm8@edublogs.org,Male,9.201.113.67
802,Ilario,Lepper,ilepperm9@alexa.com,Male,48.20.207.104
803,Julieta,Gagin,jgaginma@alibaba.com,Female,90.10.245.135
804,Merrilee,Fearick,mfearickmb@usda.gov,Female,118.71.210.170
805,Hobard,Forrington,hforringtonmc@ftc.gov,Male,80.126.238.81
806,Russell,Dightham,rdighthammd@google.de,Male,157.192.143.131
807,Issy,Caesar,icaesarme@un.org,Genderfluid,216.238.227.203
808,Neale,Lyvon,nlyvonmf@unicef.org,Male,113.252.254.182
809,Chicky,Trodden,ctroddenmg@seesaa.net,Male,153.208.58.44
810,Jorrie,Smeeth,jsmeethmh@wix.com,Female,65.236.10.74
811,Davidson,Binnion,dbinnionmi@samsung.com,Male,7.109.71.200
812,Livvie,Finci,lfincimj@instagram.com,Female,19.59.92.56
813,Roman,Newlove,rnewlovemk@webeden.co.uk,Male,161.109.143.19
814,Hazel,Posen,hposenml@zimbio.com,Female,25.138.10.81
815,Doralin,Kolakowski,dkolakowskimm@dailymotion.com,Female,154.101.241.139
816,Marquita,Giacoboni,mgiacobonimn@behance.net,Female,192.203.245.93
817,Jacobo,Bewsey,jbewseymo@redcross.org,Male,94.1.35.58
818,Priscilla,Corragan,pcorraganmp@ucoz.com,Female,50.128.40.194
819,Lazarus,Queen,lqueenmq@weather.com,Male,182.148.91.187
820,Jo,Godney,jgodneymr@altervista.org,Male,223.25.93.197
821,Kandace,Grigoliis,kgrigoliisms@linkedin.com,Female,244.172.14.56
822,Flore,Dyment,fdymentmt@booking.com,Polygender,232.172.131.215
823,Floyd,Westoll,fwestollmu@cocolog-nifty.com,Genderfluid,92.37.169.173
824,Melania,Glasper,mglaspermv@upenn.edu,Female,154.214.229.188
825,Morena,Spraberry,mspraberrymw@toplist.cz,Female,2.47.85.252
826,Bill,Bruno,bbrunomx@tamu.edu,Female,255.80.27.246
827,Alanna,Domleo,adomleomy@smh.com.au,Female,15.127.53.66
828,Brena,Wynrehame,bwynrehamemz@shop-pro.jp,Female,19.233.10.226
829,Cointon,Sparshett,csparshettn0@auda.org.au,Male,109.62.229.96
830,Lissie,Heyward,lheywardn1@nba.com,Female,204.215.228.102
831,Xaviera,Schaben,xschabenn2@bing.com,Female,189.108.131.144
832,Lib,Hubbert,lhubbertn3@dedecms.com,Female,73.87.88.211
833,Ilaire,Henden,ihendenn4@bloglines.com,Male,72.197.14.238
834,Ingamar,Wigzell,iwigzelln5@howstuffworks.com,Male,64.77.188.162
835,Mariska,Banbrook,mbanbrookn6@auda.org.au,Female,31.179.97.65
836,Giuditta,Oene,goenen7@sciencedirect.com,Female,16.177.99.154
837,Lennie,Eidler,leidlern8@whitehouse.gov,Genderfluid,178.234.19.221
838,Ruben,Allcroft,rallcroftn9@quantcast.com,Male,111.158.244.26
839,Desirae,McAvin,dmcavinna@desdev.cn,Female,19.112.30.136
840,Clarette,Hurren,churrennb@angelfire.com,Female,86.199.49.81
841,Madlin,Senechell,msenechellnc@google.pl,Female,89.58.179.68
842,Christi,Durn,cdurnnd@printfriendly.com,Female,241.182.73.32
843,Marika,Titchener,mtitchenerne@topsy.com,Female,210.175.217.174
844,Lucina,Mulhall,lmulhallnf@posterous.com,Female,65.93.156.164
845,Frants,Whenham,fwhenhamng@pbs.org,Male,243.194.218.53
846,Bearnard,Hockey,bhockeynh@salon.com,Male,61.9.59.127
847,Mal,Frantzen,mfrantzenni@sohu.com,Male,53.144.145.153
848,Con,Suff,csuffnj@aboutads.info,Female,55.247.93.23
849,Chandra,Crowest,ccrowestnk@geocities.jp,Female,73.176.219.18
850,Kelvin,Edridge,kedridgenl@so-net.ne.jp,Bigender,223.162.4.148
851,Casandra,Spedroni,cspedroninm@army.mil,Female,117.20.225.255
852,Lilli,Marages,lmaragesnn@xing.com,Female,97.190.194.53
853,Kirby,Dobinson,kdobinsonno@latimes.com,Male,248.88.79.200
854,Alyssa,Kilminster,akilminsternp@dell.com,Female,93.243.219.6
855,Davidson,Halladey,dhalladeynq@gmpg.org,Male,107.126.139.178
856,Wittie,Toombes,wtoombesnr@umn.edu,Male,163.219.203.222
857,Mommy,Thackeray,mthackerayns@weebly.com,Non-binary,204.75.208.255
858,Brena,Seakin,bseakinnt@discuz.net,Female,93.39.42.1
859,Ranna,Shieber,rshiebernu@theguardian.com,Female,163.240.24.46
860,Fianna,Baptist,fbaptistnv@techcrunch.com,Female,107.206.157.138
861,Reinwald,Horwell,rhorwellnw@shinystat.com,Male,145.80.45.51
862,Travus,Gilder,tgildernx@vkontakte.ru,Male,160.228.225.65
863,Lane,Heald,lhealdny@forbes.com,Male,63.13.5.245
864,Iolanthe,Esland,ieslandnz@ebay.co.uk,Female,136.54.213.78
865,Ninnette,Bofield,nbofieldo0@google.com.br,Female,46.21.231.248
866,Merrili,Medhurst,mmedhursto1@behance.net,Female,155.204.218.126
867,Noelani,Duligal,nduligalo2@time.com,Female,212.55.30.200
868,Felizio,Shalloe,fshalloeo3@mtv.com,Male,224.77.251.216
869,Ignacius,Philbin,iphilbino4@usa.gov,Male,12.82.19.172
870,Leonora,Haddinton,lhaddintono5@nhs.uk,Female,13.53.182.125
871,Wallas,Blitzer,wblitzero6@youtube.com,Non-binary,96.51.110.250
872,Missie,Van Baaren,mvanbaareno7@godaddy.com,Female,173.145.146.195
873,Gibb,Rizzetti,grizzettio8@uiuc.edu,Male,209.1.99.246
874,Dania,Ammer,dammero9@wordpress.com,Female,58.1.13.225
875,Liana,Potebury,lpoteburyoa@icio.us,Bigender,241.197.13.225
876,Edyth,Rabidge,erabidgeob@icq.com,Female,90.101.137.95
877,Claudetta,Clifton,ccliftonoc@eventbrite.com,Genderfluid,71.169.96.177
878,Rene,Asp,raspod@skype.com,Male,120.191.28.5
879,Ebony,Bennedsen,ebennedsenoe@disqus.com,Female,158.54.59.68
880,Spense,Semrad,ssemradof@slashdot.org,Bigender,226.65.21.159
881,Vivie,Falvey,vfalveyog@opera.com,Female,174.46.68.11
882,Egbert,Hallet,ehalletoh@ask.com,Male,240.36.62.8
883,Nichols,Piolli,npiollioi@webmd.com,Male,1.111.213.31
884,Shelli,Fiorentino,sfiorentinooj@bing.com,Female,22.79.169.254
885,Holly-anne,Kingcott,hkingcottok@loc.gov,Female,167.66.229.119
886,Waverley,Megainey,wmegaineyol@ebay.com,Male,89.29.122.208
887,Des,McTerlagh,dmcterlaghom@youtube.com,Male,15.187.172.155
888,Silvain,Verney,sverneyon@tinyurl.com,Male,106.199.220.215
889,Olenolin,Petrie,opetrieoo@earthlink.net,Male,197.114.4.217
890,Hubey,Toquet,htoquetop@ox.ac.uk,Male,230.179.100.106
891,Vallie,Daniellot,vdaniellotoq@multiply.com,Female,153.195.221.190
892,Oren,Lillecrap,olillecrapor@google.co.jp,Male,119.3.111.183
893,Cory,Yallop,cyallopos@flavors.me,Male,138.47.129.131
894,Odetta,Edgler,oedglerot@rediff.com,Female,93.200.65.212
895,Lu,Chesters,lchestersou@kickstarter.com,Female,11.23.59.63
896,Purcell,Latour,platourov@artisteer.com,Male,235.241.237.164
897,Greggory,Bruneau,gbruneauow@usa.gov,Male,212.200.48.149
898,Herby,Speer,hspeerox@godaddy.com,Male,23.88.146.137
899,Fritz,Rosendale,frosendaleoy@spotify.com,Male,46.60.67.53
900,Ethelind,Jahan,ejahanoz@chronoengine.com,Female,143.72.165.205
901,Francesco,Tollady,ftolladyp0@cdbaby.com,Male,192.216.68.3
902,Isabeau,Tant,itantp1@discuz.net,Female,5.189.33.179
903,Winifield,Rounce,wrouncep2@nyu.edu,Male,197.20.0.16
904,Jonah,Licas,jlicasp3@epa.gov,Male,123.19.56.136
905,Rena,Mingasson,rmingassonp4@hc360.com,Female,92.29.61.132
906,Roselle,Stonehouse,rstonehousep5@ted.com,Genderfluid,24.172.110.91
907,Doll,Rasher,drasherp6@toplist.cz,Female,58.53.127.149
908,Karlotta,Bamblett,kbamblettp7@miibeian.gov.cn,Female,51.230.65.127
909,Obediah,Bes,obesp8@reference.com,Male,200.231.38.246
910,Doro,Morgan,dmorganp9@disqus.com,Female,79.59.49.72
911,Tito,Leefe,tleefepa@merriam-webster.com,Male,152.187.218.77
912,Jen,Buxcey,jbuxceypb@hatena.ne.jp,Non-binary,233.217.78.226
913,Ollie,Parysiak,oparysiakpc@businesswire.com,Female,114.35.13.219
914,Raddy,Osmund,rosmundpd@va.gov,Male,136.117.220.35
915,Lilith,Fright,lfrightpe@ehow.com,Female,97.113.118.141
916,Ardis,Mintram,amintrampf@webeden.co.uk,Female,172.90.245.209
917,Nicko,Cham,nchampg@1688.com,Bigender,181.131.146.142
918,Lorna,Cockshoot,lcockshootph@google.ru,Female,66.26.223.176
919,Damien,Floyed,dfloyedpi@telegraph.co.uk,Male,44.55.165.103
920,Giraud,Toffaloni,gtoffalonipj@123-reg.co.uk,Male,191.161.119.128
921,Wilona,Rubinovitch,wrubinovitchpk@omniture.com,Female,134.60.39.252
922,Berky,Epinoy,bepinoypl@baidu.com,Male,227.117.179.102
923,Giacobo,Donisi,gdonisipm@apple.com,Male,29.56.114.102
924,Brucie,Chillingsworth,bchillingsworthpn@mapquest.com,Male,200.255.38.138
925,Celinda,Print,cprintpo@ifeng.com,Female,105.191.199.73
926,Forest,Dalloway,fdallowaypp@edublogs.org,Male,137.195.233.211
927,Lishe,Piecha,lpiechapq@usatoday.com,Female,43.126.203.27
928,Abba,Mildner,amildnerpr@mayoclinic.com,Male,216.71.109.19
929,Angie,Dady,adadyps@abc.net.au,Female,132.5.199.108
930,Jasper,Jakobssen,jjakobssenpt@51.la,Male,7.47.179.7
931,Trina,Thurling,tthurlingpu@alexa.com,Female,210.214.149.239
932,Haydon,McIlheran,hmcilheranpv@redcross.org,Male,34.204.173.146
933,Tandy,Connaughton,tconnaughtonpw@netlog.com,Female,39.239.245.215
934,Ellwood,Armal,earmalpx@tmall.com,Male,17.81.138.14
935,Janice,Francescone,jfrancesconepy@accuweather.com,Female,242.139.0.109
936,Jeannine,Cufley,jcufleypz@intel.com,Female,52.251.16.64
937,Jayme,Sawrey,jsawreyq0@histats.com,Male,233.25.243.240
938,Pablo,Babb,pbabbq1@samsung.com,Male,27.84.57.244
939,Skippy,Rheam,srheamq2@list-manage.com,Male,120.75.178.255
940,Irwinn,Deverille,ideverilleq3@accuweather.com,Genderqueer,33.252.239.176
941,Xavier,Glennard,xglennardq4@sfgate.com,Male,14.228.15.126
942,Constantino,Fransoni,cfransoniq5@gov.uk,Male,204.252.136.32
943,Ilise,Byk,ibykq6@wix.com,Female,9.202.211.180
944,Tandie,Tellenbroker,ttellenbrokerq7@arizona.edu,Female,178.91.164.17
945,Audre,Bednell,abednellq8@studiopress.com,Female,195.97.162.202
946,Reese,Hansom,rhansomq9@tripadvisor.com,Agender,191.101.44.14
947,Eugenia,Jepperson,ejeppersonqa@businessinsider.com,Female,99.30.51.202
948,Roberto,Preene,rpreeneqb@google.es,Male,124.71.0.97
949,Levin,Ginley,lginleyqc@yelp.com,Male,171.139.206.180
950,Arni,Groocock,agroocockqd@fc2.com,Male,234.242.32.73
951,Aurea,Abramowitch,aabramowitchqe@telegraph.co.uk,Female,129.23.237.105
952,Bernice,Leghorn,bleghornqf@princeton.edu,Female,155.167.107.30
953,Lynna,Pervew,lpervewqg@google.ru,Female,21.152.10.132
954,Vinni,Loudwell,vloudwellqh@discovery.com,Female,247.191.180.180
955,Lena,Aindriu,laindriuqi@constantcontact.com,Female,77.62.206.67
956,Davina,Busst,dbusstqj@fotki.com,Female,221.79.165.203
957,May,Gantzer,mgantzerqk@reverbnation.com,Female,72.209.91.38
958,Zechariah,Really,zreallyql@about.com,Male,178.106.202.67
959,Nikolaos,Lemasney,nlemasneyqm@opensource.org,Male,121.238.71.63
960,Tirrell,Eyden,teydenqn@furl.net,Male,68.157.27.139
961,Laird,Sullens,lsullensqo@dmoz.org,Male,197.179.193.108
962,Clayson,Currington,ccurringtonqp@yolasite.com,Male,183.27.117.9
963,Ondrea,Dechelle,odechelleqq@flickr.com,Female,139.45.130.149
964,Tedi,Foster,tfosterqr@utexas.edu,Female,233.119.156.92
965,Dasie,Branni,dbranniqs@tinypic.com,Female,49.244.95.253
966,Thayne,Aiskovitch,taiskovitchqt@360.cn,Male,64.77.55.240
967,Padriac,Novak,pnovakqu@myspace.com,Male,195.20.124.177
968,Glenna,Bedinn,gbedinnqv@quantcast.com,Female,230.92.55.164
969,Godfree,Aiken,gaikenqw@google.de,Male,250.148.241.141
970,Quinn,Ivashkin,qivashkinqx@pagesperso-orange.fr,Female,30.128.92.120
971,Dieter,Gregori,dgregoriqy@elegantthemes.com,Male,95.217.60.222
972,Carling,De Gowe,cdegoweqz@unesco.org,Male,26.145.159.41
973,Gamaliel,Woollett,gwoollettr0@indiegogo.com,Male,111.215.14.176
974,Thom,Dominick,tdominickr1@surveymonkey.com,Male,5.67.12.228
975,Gregoor,Sahlstrom,gsahlstromr2@geocities.com,Male,28.81.99.238
976,Patrick,Kersley,pkersleyr3@51.la,Male,47.97.217.39
977,Base,Lavallin,blavallinr4@amazon.com,Male,141.127.248.206
978,Blaine,Chancelier,bchancelierr5@yahoo.co.jp,Male,3.60.95.221
979,Ogden,Brammer,obrammerr6@angelfire.com,Male,237.54.129.55
980,Luciano,McFater,lmcfaterr7@buzzfeed.com,Male,104.96.14.226
981,Chip,Delmonti,cdelmontir8@netlog.com,Male,150.166.73.169
982,Leone,Lovell,llovellr9@latimes.com,Female,42.48.55.210
983,Stacy,Cradey,scradeyra@uiuc.edu,Female,59.73.180.3
984,Lilah,Jenno,ljennorb@dyndns.org,Bigender,7.60.59.140
985,Octavius,Domico,odomicorc@hatena.ne.jp,Male,234.119.168.222
986,Kailey,Olman,kolmanrd@unblog.fr,Genderfluid,30.120.207.40
987,Goddart,Pelzer,gpelzerre@bandcamp.com,Male,133.128.237.38
988,Fiona,Hadye,fhadyerf@eventbrite.com,Female,186.74.0.52
989,Bev,McCambridge,bmccambridgerg@macromedia.com,Male,241.216.174.159
990,Jillayne,Hardesty,jhardestyrh@bluehost.com,Female,227.31.184.228
991,Neely,McKim,nmckimri@miitbeian.gov.cn,Female,26.166.187.123
992,Joseito,Bramer,jbramerrj@cloudflare.com,Male,182.124.100.242
993,Stanwood,Fouracres,sfouracresrk@psu.edu,Male,144.164.88.249
994,Clarissa,Hamnet,chamnetrl@ihg.com,Agender,24.67.33.117
995,Gannie,Mathy,gmathyrm@imdb.com,Male,230.94.203.194
996,Cayla,MacGeaney,cmacgeaneyrn@state.tx.us,Female,97.175.101.21
997,Alejandra,Mulberry,amulberryro@wikia.com,Female,228.41.207.184
998,Moishe,Dargavel,mdargavelrp@ask.com,Male,224.254.27.123
999,Thorsten,Broggio,tbroggiorq@tinypic.com,Male,55.63.6.75
1000,Barbie,Tackley,btackleyrr@twitpic.com,Female,105.68.84.143
