id,first_name,last_name,email,gender,ip_address
1,Chev,Ebben,cebben0@naver.com,Male,214.2.87.19
2,Kellsie,Duff,kduff1@weebly.com,Female,73.52.167.135
3,Weston,Gabb,wgabb2@microsoft.com,Male,26.31.9.174
4,Gerri,Castanyer,gcastanyer3@bluehost.com,Male,177.88.80.217
5,Nalani,Sparkwell,nsparkwell4@cloudflare.com,Female,170.89.120.57
6,Karena,Howen,khowen5@wunderground.com,Female,237.142.157.29
7,Demetre,Blake,dblake6@craigslist.org,Male,215.243.173.201
8,Madelaine,Shackell,mshackell7@nih.gov,Female,149.109.223.219
9,Saudra,Yann,syann8@canalblog.com,Female,170.77.91.220
10,Clywd,Kopacek,ckopacek9@hud.gov,Male,174.8.28.94
11,Andy,Howcroft,ahowcrofta@angelfire.com,Female,211.102.43.199
12,Inglebert,Teresia,iteresiab@unesco.org,Male,139.196.89.139
13,Irene,Caughtry,icaughtryc@imdb.com,Polygender,215.150.201.14
14,Herc,Colbridge,hcolbridged@dedecms.com,Male,243.33.145.69
15,Rodney,Feaveer,rfeaveere@hostgator.com,Male,99.1.187.37
16,Lannie,Breissan,lbreissanf@yellowbook.com,Male,184.170.127.192
17,Lil,Simonyi,lsimonyig@people.com.cn,Female,50.215.255.25
18,Reinhold,Whorlton,rwhorltonh@mapquest.com,Agender,225.236.99.47
19,Meg,Mehmet,mmehmeti@w3.org,Female,72.75.60.254
20,Alain,Di Claudio,adiclaudioj@techcrunch.com,Male,241.113.71.46
21,Benedicto,Shorbrook,bshorbrookk@xrea.com,Male,172.8.149.51
22,Care,Wilkin,cwilkinl@shutterfly.com,Male,57.175.233.237
23,Zorana,Sinnett,zsinnettm@cisco.com,Agender,8.194.242.48
24,Rick,Thiem,rthiemn@oaic.gov.au,Male,81.179.217.246
25,Alanson,Twiggins,atwigginso@google.com.br,Male,82.52.171.91
26,Sigfried,Pound,spoundp@posterous.com,Male,29.248.80.145
27,Kristos,Goldwater,kgoldwaterq@yellowpages.com,Genderfluid,67.28.238.122
28,Tades,Nollet,tnolletr@artisteer.com,Male,9.151.51.124
29,Miof mela,Geary,mgearys@vimeo.com,Female,34.177.222.194
30,Guinevere,Juniper,gjunipert@unesco.org,Female,174.11.58.196
31,Domenic,Gillford,dgillfordu@newsvine.com,Male,102.195.255.204
32,Tully,Orum,torumv@nydailynews.com,Male,103.217.168.60
33,Rowena,Botton,rbottonw@51.la,Female,126.72.0.53
34,Valdemar,Golborn,vgolbornx@tripadvisor.com,Male,17.209.146.97
35,Ernesto,Ayscough,eayscoughy@usgs.gov,Male,193.168.90.77
36,Sheelah,Ridsdale,sridsdalez@oaic.gov.au,Female,130.14.52.187
37,Annamaria,Le Friec,alefriec10@mysql.com,Female,40.156.26.186
38,Willie,Coventon,wcoventon11@angelfire.com,Female,170.194.144.221
39,Ignaz,Alejandri,ialejandri12@nbcnews.com,Male,199.121.228.94
40,Chevy,Togher,ctogher13@exblog.jp,Male,106.38.184.58
41,Sarene,Tatford,statford14@dyndns.org,Genderfluid,251.190.9.33
42,Bartie,Coysh,bcoysh15@dailymail.co.uk,Male,200.31.78.18
43,Chick,Kareman,ckareman16@furl.net,Male,140.0.77.227
44,Gusta,McGahey,gmcgahey17@ucoz.ru,Female,173.117.179.107
45,Edyth,Yoodall,eyoodall18@amazon.com,Female,214.124.177.71
46,Boy,Neem,bneem19@fda.gov,Male,245.18.125.227
47,Ivory,Yitzhak,iyitzhak1a@tamu.edu,Non-binary,218.196.190.202
48,Morey,Beddis,mbeddis1b@ovh.net,Male,104.249.115.147
49,Jemmie,Delong,jdelong1c@wikipedia.org,Female,76.158.153.216
50,Patrice,Bragginton,pbragginton1d@webeden.co.uk,Male,77.110.194.178
51,Arne,De Bellis,adebellis1e@huffingtonpost.com,Genderfluid,153.231.221.107
52,Burl,Vonderdell,bvonderdell1f@opera.com,Male,11.6.191.43
53,Addison,Danskine,adanskine1g@about.com,Male,16.233.145.227
54,Olva,Satcher,osatcher1h@freewebs.com,Female,5.243.233.174
55,Ramsey,Bonanno,rbonanno1i@lulu.com,Male,94.46.102.96
56,Vinny,Soppett,vsoppett1j@netscape.com,Male,59.79.113.89
57,Kym,Sleightholm,ksleightholm1k@bandcamp.com,Female,158.132.144.147
58,Frank,Cardinal,fcardinal1l@soundcloud.com,Male,169.253.134.230
59,Michaela,Ricold,mricold1m@virginia.edu,Genderfluid,33.203.102.121
60,Eddy,Balentyne,ebalentyne1n@bravesites.com,Male,34.128.113.65
61,Jenny,Lowdwell,jlowdwell1o@histats.com,Female,184.155.174.170
62,Cordula,Greeson,cgreeson1p@ucsd.edu,Female,155.246.187.153
63,Emera,Jablonski,ejablonski1q@jiathis.com,Female,145.67.230.164
64,Cody,Van der Brugge,cvanderbrugge1r@admin.ch,Male,179.243.96.0
65,Diandra,Chatenier,dchatenier1s@nsw.gov.au,Female,48.178.251.146
66,Lynea,Greystock,lgreystock1t@sakura.ne.jp,Female,143.68.22.241
67,Mahala,Bartomieu,mbartomieu1u@unicef.org,Genderfluid,184.82.202.65
68,Orsa,Backson,obackson1v@tinyurl.com,Female,200.145.159.201
69,Elsey,Airey,eairey1w@tamu.edu,Female,193.78.136.5
70,Jodi,Torri,jtorri1x@slideshare.net,Female,223.59.82.85
71,Christi,Bushaway,cbushaway1y@nytimes.com,Female,250.225.157.250
72,Dallis,O'Loughane,doloughane1z@bbb.org,Male,85.41.123.14
73,Wade,Eastes,weastes20@disqus.com,Male,150.92.3.26
74,Chadd,Zmitrichenko,czmitrichenko21@bloglovin.com,Male,15.102.161.245
75,Dane,Hizir,dhizir22@rediff.com,Male,227.85.189.176
76,Aleen,Stain,astain23@mediafire.com,Female,182.209.87.113
77,Eddy,Furmedge,efurmedge24@sun.com,Male,80.25.245.170
78,Dorrie,Drayn,ddrayn25@amazon.co.jp,Female,191.159.193.7
79,Duffy,Eighteen,deighteen26@wsj.com,Polygender,61.243.222.251
80,Renee,Tombs,rtombs27@google.ca,Female,24.168.74.104
81,Normand,Yarnton,nyarnton28@topsy.com,Male,69.146.55.32
82,Lucita,Krzyzanowski,lkrzyzanowski29@netscape.com,Female,4.218.63.33
83,Candy,Yandle,cyandle2a@sourceforge.net,Non-binary,140.49.208.51
84,Randi,Chevolleau,rchevolleau2b@apple.com,Female,122.9.62.145
85,Floyd,Housin,fhousin2c@bbc.co.uk,Male,23.22.54.30
86,Melonie,Zmitrovich,mzmitrovich2d@epa.gov,Female,104.40.56.81
87,Uriah,Tuer,utuer2e@dropbox.com,Male,139.31.51.198
88,Maryanne,Clemmen,mclemmen2f@bloglines.com,Female,47.151.9.209
89,Randolph,Sime,rsime2g@cpanel.net,Male,35.75.204.94
90,Calli,Piris,cpiris2h@4shared.com,Female,100.55.183.72
91,Irving,Weeds,iweeds2i@statcounter.com,Male,65.124.12.168
92,Kev,Sommerscales,ksommerscales2j@timesonline.co.uk,Polygender,149.65.174.151
93,Saw,Chillingworth,schillingworth2k@fc2.com,Male,227.59.234.53
94,Grazia,Mungin,gmungin2l@huffingtonpost.com,Female,236.175.128.224
95,Pollyanna,Cadell,pcadell2m@businessinsider.com,Female,28.192.235.64
96,Ambrosio,Wharram,awharram2n@behance.net,Male,64.78.197.88
97,Ina,Knudsen,iknudsen2o@myspace.com,Female,82.179.85.147
98,Missy,Walles,mwalles2p@amazon.co.uk,Bigender,178.104.226.113
99,Marwin,Sallinger,msallinger2q@issuu.com,Male,120.228.232.147
100,Durant,Khidr,dkhidr2r@imgur.com,Male,201.1.177.244
101,Jorrie,McGauhy,jmcgauhy2s@bbb.org,Female,36.77.46.243
102,Ferd,Daskiewicz,fdaskiewicz2t@sciencedirect.com,Male,165.130.210.20
103,Buddy,Buttrey,bbuttrey2u@shinystat.com,Male,106.71.206.148
104,Arleen,Featherstone,afeatherstone2v@flickr.com,Female,99.89.71.97
105,Deborah,Beahan,dbeahan2w@github.io,Non-binary,166.89.154.186
106,Sandy,Redmile,sredmile2x@mozilla.org,Male,187.194.108.249
107,Irita,Dossett,idossett2y@eventbrite.com,Female,138.7.173.61
108,Yvonne,Gitthouse,ygitthouse2z@paginegialle.it,Female,88.19.255.99
109,Daron,Forde,dforde30@odnoklassniki.ru,Male,105.28.220.113
110,Amara,Stemson,astemson31@ted.com,Female,233.93.139.88
111,Heddi,Rennebeck,hrennebeck32@addthis.com,Female,54.190.146.21
112,Rudd,Burd,rburd33@biglobe.ne.jp,Male,165.134.161.219
113,Bastien,Escoffier,bescoffier34@google.com,Male,176.145.63.60
114,Lamond,Danby,ldanby35@mlb.com,Male,92.215.213.94
115,Fleur,Garey,fgarey36@gnu.org,Female,137.43.240.23
116,Nanon,Brasener,nbrasener37@thetimes.co.uk,Agender,13.215.74.88
117,Laurena,Noke,lnoke38@technorati.com,Female,80.208.22.152
118,Cally,Ambrogetti,cambrogetti39@opensource.org,Female,125.222.40.84
119,Brantley,Lingley,blingley3a@bluehost.com,Male,193.50.181.67
120,Jayne,Barbour,jbarbour3b@parallels.com,Bigender,29.40.34.96
121,Sunny,Skelhorn,sskelhorn3c@blogs.com,Male,41.119.98.74
122,Jessi,Peaden,jpeaden3d@ed.gov,Female,12.251.246.48
123,Fowler,Naylor,fnaylor3e@reference.com,Male,58.127.179.133
124,Nona,Eastridge,neastridge3f@google.pl,Female,224.219.67.109
125,Nanice,Tossell,ntossell3g@google.com,Female,160.82.89.227
126,Smith,Airs,sairs3h@rakuten.co.jp,Male,109.93.25.239
127,Hazel,Vertigan,hvertigan3i@imageshack.us,Male,84.14.188.14
128,Davin,Diament,ddiament3j@newsvine.com,Male,202.240.216.53
129,Trev,Giovani,tgiovani3k@barnesandnoble.com,Male,202.58.109.158
130,Kiri,Hurburt,khurburt3l@ow.ly,Female,164.33.254.104
131,Rosene,Dainton,rdainton3m@ft.com,Female,106.105.224.218
132,Ximenes,Croyser,xcroyser3n@squidoo.com,Male,17.54.130.25
133,Mercy,Slevin,mslevin3o@hexun.com,Female,77.37.46.38
134,Nerita,Keelinge,nkeelinge3p@google.de,Female,113.219.8.15
135,Berna,Sulland,bsulland3q@histats.com,Female,71.4.147.12
136,Alex,McCay,amccay3r@discovery.com,Male,75.255.75.186
137,Riccardo,Pyzer,rpyzer3s@sina.com.cn,Male,85.244.156.47
138,Dill,Pankhurst.,dpankhurst3t@shop-pro.jp,Male,3.175.227.254
139,Corabelle,Cashen,ccashen3u@state.gov,Female,131.48.209.79
140,Mathian,Paye,mpaye3v@themeforest.net,Male,22.99.57.0
141,Timmie,Govey,tgovey3w@phoca.cz,Female,54.48.248.173
142,Beverie,Noury,bnoury3x@twitter.com,Female,91.102.92.180
143,Cecily,Boome,cboome3y@360.cn,Female,217.129.52.238
144,Frannie,Ramberg,framberg3z@europa.eu,Male,94.130.124.167
145,Jacquie,Swiers,jswiers40@oracle.com,Female,121.230.243.160
146,Gerrie,Gerhold,ggerhold41@bbc.co.uk,Male,251.210.146.111
147,Kenneth,Elsley,kelsley42@tinypic.com,Male,132.132.228.224
148,Carlos,Kemer,ckemer43@nba.com,Male,212.44.229.135
149,Duke,Seefus,dseefus44@pinterest.com,Male,106.142.43.221
150,Candis,Wife,cwife45@hhs.gov,Female,203.64.171.135
151,Athena,Philipot,aphilipot46@alibaba.com,Female,54.195.233.161
152,Barry,Lambourne,blambourne47@cargocollective.com,Female,137.131.187.74
153,Washington,Madden,wmadden48@elegantthemes.com,Male,87.67.94.40
154,Billie,Cossans,bcossans49@scribd.com,Male,236.172.7.98
155,Lock,Trask,ltrask4a@hp.com,Male,167.24.199.209
156,Rodd,Gebhardt,rgebhardt4b@privacy.gov.au,Non-binary,85.107.129.148
157,Othella,Hamlington,ohamlington4c@dedecms.com,Female,83.125.242.45
158,Herculie,Jeary,hjeary4d@google.com.au,Male,145.69.10.28
159,Ashlin,McGenn,amcgenn4e@epa.gov,Male,124.85.98.50
160,Reta,Cheverell,rcheverell4f@sphinn.com,Female,30.150.78.0
161,Nonnah,Carik,ncarik4g@newyorker.com,Female,231.94.50.170
162,Wylie,Gayther,wgayther4h@dropbox.com,Male,236.126.7.202
163,Etty,Jeremiah,ejeremiah4i@sbwire.com,Female,190.53.69.193
164,Lefty,Woodwing,lwoodwing4j@wikipedia.org,Male,115.165.207.33
165,Anthony,Bickerdicke,abickerdicke4k@utexas.edu,Male,40.153.88.234
166,Adelbert,Maccrie,amaccrie4l@github.com,Genderfluid,71.254.110.65
167,Pernell,Echlin,pechlin4m@miitbeian.gov.cn,Male,80.30.218.8
168,Sloan,Jozefiak,sjozefiak4n@independent.co.uk,Male,204.143.188.227
169,Phillis,Bourtoumieux,pbourtoumieux4o@who.int,Female,192.156.185.126
170,Baxie,Last,blast4p@nsw.gov.au,Male,205.36.125.144
171,Amara,Elgram,aelgram4q@myspace.com,Female,53.117.84.48
172,Ellerey,Theaker,etheaker4r@admin.ch,Male,164.61.3.44
173,Franky,Cuffe,fcuffe4s@go.com,Female,221.158.82.19
174,Marven,Mattholie,mmattholie4t@feedburner.com,Male,164.179.237.198
175,Norry,Challicum,nchallicum4u@newsvine.com,Female,43.63.55.190
176,Wilfred,Bewshaw,wbewshaw4v@go.com,Male,179.28.2.112
177,Janean,Wilkins,jwilkins4w@unicef.org,Female,192.36.39.163
178,Alair,Leinweber,aleinweber4x@pagesperso-orange.fr,Male,178.254.89.81
179,Lynett,Becks,lbecks4y@google.es,Female,88.142.134.251
180,Alvis,Bollum,abollum4z@topsy.com,Male,143.141.141.188
181,Wayland,Avann,wavann50@blogtalkradio.com,Male,159.186.98.22
182,Cristiano,Jotcham,cjotcham51@ed.gov,Male,220.36.13.216
183,Margot,Linsley,mlinsley52@cmu.edu,Female,113.76.208.182
184,Daphene,Fenelow,dfenelow53@census.gov,Female,250.190.216.99
185,Jillie,Erskine Sandys,jerskinesandys54@wordpress.com,Female,18.136.42.241
186,Deeanne,Minichillo,dminichillo55@virginia.edu,Female,150.64.46.252
187,Desi,Jolly,djolly56@ezinearticles.com,Male,241.136.184.139
188,Pru,Franciotti,pfranciotti57@live.com,Female,115.14.7.201
189,Caz,Galfour,cgalfour58@vkontakte.ru,Male,4.69.48.123
190,Dene,Weepers,dweepers59@examiner.com,Male,95.70.193.211
191,Zora,Colbrun,zcolbrun5a@rediff.com,Agender,32.169.141.184
192,Kerry,Parradine,kparradine5b@biblegateway.com,Male,205.141.102.140
193,Phoebe,Rose,prose5c@usatoday.com,Female,105.98.114.181
194,Mei,Ert,mert5d@networkadvertising.org,Bigender,176.228.183.24
195,Alexa,Emlin,aemlin5e@networkadvertising.org,Female,177.67.32.244
196,Luigi,Emeney,lemeney5f@economist.com,Male,242.47.137.221
197,Noak,Loosemore,nloosemore5g@economist.com,Male,39.126.192.224
198,Katine,Verring,kverring5h@wisc.edu,Female,81.186.217.249
199,Aundrea,Rehorek,arehorek5i@hubpages.com,Female,169.112.109.68
200,Marta,Kevlin,mkevlin5j@fda.gov,Female,252.55.67.206
201,Kirstin,Henworth,khenworth5k@psu.edu,Non-binary,115.61.74.119
202,Merrel,Claxton,mclaxton5l@msu.edu,Male,46.233.176.62
203,Ezmeralda,Klimkov,eklimkov5m@forbes.com,Female,185.86.22.70
204,Ellswerth,Gallimore,egallimore5n@hostgator.com,Male,5.1.81.163
205,Adriena,Newick,anewick5o@reverbnation.com,Female,195.167.94.236
206,Rori,Shakeshaft,rshakeshaft5p@chron.com,Female,255.114.173.15
207,Hally,Sneyd,hsneyd5q@slate.com,Female,210.246.60.78
208,Prisca,McAusland,pmcausland5r@huffingtonpost.com,Female,175.122.187.62
209,Casandra,Wahncke,cwahncke5s@cornell.edu,Female,7.223.16.90
210,Alexio,Ellicombe,aellicombe5t@cafepress.com,Bigender,205.156.205.212
211,Arel,Tremontana,atremontana5u@who.int,Male,213.50.192.22
212,Augustus,Inkpen,ainkpen5v@tripadvisor.com,Male,76.132.89.170
213,Alyce,Haythorn,ahaythorn5w@stanford.edu,Female,194.162.170.112
214,Ado,Gerhartz,agerhartz5x@geocities.jp,Male,97.171.4.220
215,Filbert,Seath,fseath5y@illinois.edu,Non-binary,149.231.248.197
216,Orv,Shyram,oshyram5z@nba.com,Male,164.207.64.155
217,Northrup,Roulston,nroulston60@gmpg.org,Agender,193.189.116.173
218,Brett,Frangleton,bfrangleton61@live.com,Male,69.14.130.85
219,Lori,Yerlett,lyerlett62@stumbleupon.com,Female,245.202.52.129
220,Elmo,Gannicott,egannicott63@about.com,Male,51.170.9.137
221,Hogan,Eldridge,heldridge64@alibaba.com,Male,231.131.76.1
222,Sigmund,Speddin,sspeddin65@columbia.edu,Male,147.96.235.12
223,Kristi,Hattoe,khattoe66@theglobeandmail.com,Female,68.67.228.150
224,Liesa,Ratledge,lratledge67@nydailynews.com,Female,56.67.8.215
225,Adelina,Speaks,aspeaks68@4shared.com,Female,87.116.22.228
226,Hussein,Hinkes,hhinkes69@toplist.cz,Male,240.136.252.43
227,Rafaello,Mogey,rmogey6a@reference.com,Male,66.242.16.151
228,Nickolas,Wickham,nwickham6b@etsy.com,Male,238.149.124.218
229,Candie,Strodder,cstrodder6c@dmoz.org,Female,131.67.90.135
230,Lynnette,Losel,llosel6d@netvibes.com,Female,103.35.161.135
231,Bernie,Presslie,bpresslie6e@msn.com,Female,3.169.50.66
232,Tandie,Camacho,tcamacho6f@blogspot.com,Female,203.99.252.25
233,Clem,Shetliff,cshetliff6g@auda.org.au,Female,109.16.205.158
234,Jephthah,Veighey,jveighey6h@vistaprint.com,Male,96.226.84.81
235,Fina,Timewell,ftimewell6i@cbslocal.com,Female,112.117.140.177
236,Padriac,Ciobotaru,pciobotaru6j@berkeley.edu,Genderqueer,30.167.187.47
237,Cordy,Boughey,cboughey6k@comcast.net,Female,198.239.59.234
238,Rozelle,Brumen,rbrumen6l@barnesandnoble.com,Female,174.123.168.8
239,Hirsch,Oram,horam6m@bluehost.com,Male,56.248.109.140
240,Dru,Danko,ddanko6n@twitpic.com,Non-binary,155.82.70.35
241,Jonis,Bandt,jbandt6o@netscape.com,Female,168.187.27.8
242,Pembroke,Yukhnov,pyukhnov6p@tumblr.com,Male,84.103.135.220
243,Ashien,Petrakov,apetrakov6q@telegraph.co.uk,Female,150.53.11.35
244,Ardith,Sharpe,asharpe6r@howstuffworks.com,Female,230.21.32.216
245,Gerald,Lambourne,glambourne6s@economist.com,Male,209.51.35.208
246,Sven,Tomaello,stomaello6t@plala.or.jp,Bigender,144.36.243.107
247,Audie,England,aengland6u@psu.edu,Female,199.14.184.223
248,Loydie,Tuite,ltuite6v@mayoclinic.com,Male,115.119.235.216
249,Mignonne,Vinker,mvinker6w@yellowpages.com,Female,4.108.113.36
250,Daven,Jaray,djaray6x@baidu.com,Male,23.25.30.212
251,Celinka,Kemer,ckemer6y@amazonaws.com,Female,33.2.174.45
252,Stanleigh,Sanpere,ssanpere6z@nbcnews.com,Male,249.84.38.132
253,Angelo,Griffin,agriffin70@miitbeian.gov.cn,Male,161.180.234.102
254,Mirilla,Kobpac,mkobpac71@addtoany.com,Female,23.161.85.171
255,Rachael,O'Coskerry,rocoskerry72@springer.com,Female,9.66.208.110
256,Gaylene,Volet,gvolet73@google.com.hk,Female,130.0.199.113
257,Yancey,Matthew,ymatthew74@storify.com,Polygender,51.129.85.134
258,Konstance,Potier,kpotier75@tripadvisor.com,Female,127.207.43.222
259,Alaine,Wallen,awallen76@wisc.edu,Female,179.254.28.211
260,Magdaia,McPhater,mmcphater77@live.com,Female,235.79.163.247
261,Conrado,Smart,csmart78@icq.com,Male,200.175.227.249
262,Twyla,Dusting,tdusting79@free.fr,Female,78.234.206.148
263,Max,Guerrieri,mguerrieri7a@netlog.com,Agender,232.18.111.34
264,Giana,Muskett,gmuskett7b@4shared.com,Female,121.238.128.13
265,Katalin,Castille,kcastille7c@list-manage.com,Female,130.92.103.106
266,Klara,Cartledge,kcartledge7d@ifeng.com,Polygender,60.183.150.145
267,Gabriellia,Eland,geland7e@ameblo.jp,Female,171.235.253.234
268,Simone,Mapholm,smapholm7f@wunderground.com,Male,207.146.22.98
269,Jo-anne,Willshire,jwillshire7g@smugmug.com,Female,224.177.25.238
270,Raddy,Roseaman,rroseaman7h@forbes.com,Male,170.231.137.190
271,Monroe,Collar,mcollar7i@sphinn.com,Male,205.65.112.124
272,Keslie,Berrigan,kberrigan7j@princeton.edu,Female,250.233.58.185
273,Rozanna,Haw,rhaw7k@reddit.com,Female,134.103.6.104
274,Kendricks,Matteoli,kmatteoli7l@google.pl,Male,177.153.194.178
275,Francois,Brazel,fbrazel7m@go.com,Male,126.245.181.192
276,Milton,Gisby,mgisby7n@intel.com,Male,190.154.149.137
277,Georgianne,Itzhayek,gitzhayek7o@nifty.com,Female,131.156.138.206
278,Camel,Irce,circe7p@scribd.com,Female,58.70.135.193
279,Gwenore,Govier,ggovier7q@tmall.com,Female,152.177.204.29
280,Amalia,Quarry,aquarry7r@boston.com,Female,128.155.115.95
281,Mariana,Kupisz,mkupisz7s@tinyurl.com,Female,83.150.174.125
282,Keven,Caldecutt,kcaldecutt7t@princeton.edu,Male,242.183.220.25
283,Herbert,Maylard,hmaylard7u@unesco.org,Male,240.111.150.15
284,Wolfy,Spinola,wspinola7v@cdbaby.com,Male,178.3.176.17
285,Ludvig,Saddington,lsaddington7w@berkeley.edu,Male,4.30.60.115
286,Marlin,Duplain,mduplain7x@seesaa.net,Male,234.161.104.193
287,Goober,Alaway,galaway7y@de.vu,Male,71.217.138.161
288,August,Challice,achallice7z@google.de,Male,152.145.140.242
289,Micki,Oke,moke80@europa.eu,Female,66.159.178.200
290,Shelbi,Glenton,sglenton81@sakura.ne.jp,Female,55.38.213.159
291,Bradley,Chainey,bchainey82@homestead.com,Non-binary,206.210.178.41
292,Georgy,Harrington,gharrington83@icio.us,Male,154.253.211.143
293,Catharine,Gillatt,cgillatt84@jalbum.net,Female,125.108.169.131
294,Gerik,Cuolahan,gcuolahan85@etsy.com,Male,230.40.81.122
295,Tallie,Hallums,thallums86@nbcnews.com,Male,135.250.29.149
296,Osbourn,Djokovic,odjokovic87@usgs.gov,Male,112.51.176.179
297,Sabra,O'Curran,socurran88@pen.io,Agender,61.235.255.131
298,Modesty,Hightown,mhightown89@sciencedaily.com,Female,46.141.119.65
299,Maynord,Vallery,mvallery8a@squidoo.com,Male,79.203.67.75
300,Lowe,Pettipher,lpettipher8b@mayoclinic.com,Male,64.153.25.23
301,Ettie,Mapledoore,emapledoore8c@live.com,Female,157.89.252.192
302,Margi,Sprackling,msprackling8d@java.com,Female,254.118.53.145
303,Osmond,Staker,ostaker8e@mozilla.org,Male,173.31.233.216
304,Saraann,Trustey,strustey8f@phpbb.com,Female,74.2.104.127
305,Sherry,Crossley,scrossley8g@facebook.com,Female,107.53.222.242
306,Pernell,Salvadore,psalvadore8h@engadget.com,Male,37.177.181.167
307,Wilek,Redsall,wredsall8i@nymag.com,Male,124.253.119.109
308,Alleyn,Bengough,abengough8j@ihg.com,Male,6.107.81.145
309,Abbey,McCahey,amccahey8k@edublogs.org,Female,24.180.75.202
310,Grenville,Nannoni,gnannoni8l@google.nl,Bigender,230.213.234.111
311,Claire,Sprosson,csprosson8m@nsw.gov.au,Female,30.69.244.228
312,Kayle,Ironside,kironside8n@cnn.com,Female,207.21.207.87
313,Randi,Zecchi,rzecchi8o@multiply.com,Female,107.56.104.162
314,Duke,Longhorn,dlonghorn8p@sun.com,Male,165.243.77.52
315,Cort,Orts,corts8q@multiply.com,Male,94.49.69.158
316,Desmund,Deshorts,ddeshorts8r@twitpic.com,Male,96.220.17.213
317,Annmarie,Berndt,aberndt8s@ning.com,Bigender,115.81.23.125
318,Caron,Salling,csalling8t@census.gov,Female,143.36.70.106
319,Bryon,McSkeagan,bmcskeagan8u@nasa.gov,Male,158.9.194.135
320,Georgy,Rattenberie,grattenberie8v@xrea.com,Male,1.30.28.131
321,Gardner,Trodd,gtrodd8w@live.com,Male,22.244.117.144
322,Ira,Shopcott,ishopcott8x@census.gov,Agender,210.54.122.168
323,Bonnibelle,Hentzeler,bhentzeler8y@army.mil,Female,166.8.102.51
324,Olia,Shadrach,oshadrach8z@alibaba.com,Female,236.185.120.178
325,Ame,Petera,apetera90@typepad.com,Female,9.26.26.128
326,Nannette,Moffatt,nmoffatt91@domainmarket.com,Female,237.107.72.93
327,Quintin,Edsall,qedsall92@amazon.co.jp,Bigender,138.68.110.119
328,Hyman,Cutting,hcutting93@sakura.ne.jp,Male,11.61.74.249
329,Lanny,Batchelor,lbatchelor94@java.com,Female,188.40.238.2
330,Gretal,Blaszkiewicz,gblaszkiewicz95@netvibes.com,Female,159.230.210.163
331,Jean,Crollman,jcrollman96@trellian.com,Female,222.196.142.145
332,Amata,Finlaison,afinlaison97@wsj.com,Female,68.78.12.83
333,Seumas,Pendlenton,spendlenton98@cbc.ca,Male,3.53.216.97
334,Vail,Gerasch,vgerasch99@ft.com,Male,70.83.142.174
335,Kellia,Iliff,kiliff9a@pagesperso-orange.fr,Female,113.9.98.114
336,Shem,Shrieve,sshrieve9b@google.com.au,Male,2.63.60.209
337,Lyssa,Kinglake,lkinglake9c@ocn.ne.jp,Female,227.57.149.144
338,Killian,Avrahamoff,kavrahamoff9d@mac.com,Male,205.75.247.149
339,Waylin,Carradice,wcarradice9e@cisco.com,Polygender,95.210.92.227
340,Orelle,Truran,otruran9f@census.gov,Female,231.26.52.10
341,Lian,Cobello,lcobello9g@ustream.tv,Female,0.19.7.172
342,Lana,Ortzen,lortzen9h@live.com,Female,178.41.21.56
343,Glyn,Rubinsaft,grubinsaft9i@flickr.com,Female,216.240.3.164
344,Bogart,Boxer,bboxer9j@sourceforge.net,Male,218.240.14.207
345,Enrica,Carren,ecarren9k@ovh.net,Female,15.245.233.156
346,Jarret,Lynes,jlynes9l@google.it,Male,193.179.182.77
347,Bridget,Wreath,bwreath9m@sogou.com,Female,82.208.250.115
348,Hagan,Aitkin,haitkin9n@people.com.cn,Male,109.38.211.3
349,Clair,Maplethorp,cmaplethorp9o@prnewswire.com,Female,97.155.199.121
350,Sigfrid,Roadnight,sroadnight9p@smugmug.com,Male,154.15.128.30
351,Flo,Bainton,fbainton9q@pcworld.com,Female,240.2.10.74
352,Timofei,Coushe,tcoushe9r@hostgator.com,Male,157.102.52.233
353,Ari,Pensom,apensom9s@last.fm,Male,157.38.85.39
354,Julia,Beadham,jbeadham9t@myspace.com,Female,9.29.208.162
355,Caldwell,Dorin,cdorin9u@rediff.com,Male,44.122.242.113
356,Chevy,Wann,cwann9v@ebay.co.uk,Male,134.196.177.160
357,Rodi,Ghest,rghest9w@businesswire.com,Female,214.10.220.101
358,Reeta,Sherwill,rsherwill9x@cisco.com,Female,200.12.5.27
359,Kurt,Humbell,khumbell9y@weebly.com,Male,229.60.32.10
360,Ruben,Dimitrov,rdimitrov9z@disqus.com,Male,3.74.28.194
361,Kassi,Kenney,kkenneya0@squarespace.com,Female,248.150.127.119
362,Tuck,Bellefant,tbellefanta1@bizjournals.com,Male,169.25.232.157
363,Davidde,Palphreyman,dpalphreymana2@yellowpages.com,Male,105.178.171.88
364,Codie,Almond,calmonda3@auda.org.au,Polygender,34.105.26.115
365,Benedikt,Di Ruggiero,bdiruggieroa4@bravesites.com,Male,246.222.84.189
366,Nancy,Skillitt,nskillitta5@disqus.com,Female,223.135.21.213
367,Tad,Startin,tstartina6@craigslist.org,Male,21.95.161.68
368,Kristos,Aharoni,kaharonia7@people.com.cn,Non-binary,131.173.22.24
369,Freemon,Claige,fclaigea8@issuu.com,Male,77.48.235.154
370,Roderic,Capozzi,rcapozzia9@census.gov,Male,120.251.62.21
371,Melicent,Hessenthaler,mhessenthaleraa@hostgator.com,Female,233.196.125.50
372,Enoch,Tabary,etabaryab@yelp.com,Male,180.11.190.190
373,Sabra,Bayne,sbayneac@about.com,Female,48.243.24.140
374,Wells,Kingwell,wkingwellad@etsy.com,Male,167.231.66.131
375,Eula,Gullivent,egulliventae@bloglovin.com,Female,251.234.0.169
376,Gayelord,Leeming,gleemingaf@irs.gov,Genderqueer,209.190.74.53
377,Barney,Grafton,bgraftonag@nba.com,Male,164.23.16.34
378,Brigitte,Grellier,bgrellierah@squidoo.com,Female,106.171.67.40
379,Brody,Benezeit,bbenezeitai@cargocollective.com,Male,55.103.203.69
380,Rey,Locksley,rlocksleyaj@reference.com,Polygender,150.61.93.84
381,Malorie,Swetmore,mswetmoreak@merriam-webster.com,Female,195.157.51.133
382,Bridgette,Pepi,bpepial@dagondesign.com,Female,237.133.54.212
383,Benjy,Yellowlee,byellowleeam@opensource.org,Male,129.217.88.143
384,Siana,Gildersleaves,sgildersleavesan@statcounter.com,Female,51.117.148.206
385,Candida,Forster,cforsterao@jugem.jp,Female,50.149.97.232
386,Markos,Gaukrodge,mgaukrodgeap@biglobe.ne.jp,Male,119.16.197.115
387,Warner,Golson,wgolsonaq@bloglines.com,Male,116.60.144.165
388,Oates,Latch,olatchar@mysql.com,Male,119.222.89.42
389,Julita,Grosvener,jgrosveneras@skyrock.com,Agender,52.203.184.47
390,Leona,Clunan,lclunanat@baidu.com,Female,29.107.162.203
391,Devin,Holyland,dholylandau@theguardian.com,Male,202.18.83.14
392,Vanni,Danhel,vdanhelav@trellian.com,Female,36.112.228.4
393,Isaiah,McGenn,imcgennaw@smugmug.com,Male,64.192.2.23
394,Kelila,Hatwell,khatwellax@elpais.com,Female,42.183.225.30
395,Mala,Jarlmann,mjarlmannay@google.es,Female,88.93.32.0
396,Rodney,Fairbridge,rfairbridgeaz@usda.gov,Male,138.246.154.68
397,Mayor,Clew,mclewb0@arizona.edu,Male,20.212.125.113
398,Osmund,Brimman,obrimmanb1@ucsd.edu,Male,100.65.122.210
399,Salem,Attride,sattrideb2@wisc.edu,Male,37.46.150.128
400,Kendricks,Eneas,keneasb3@boston.com,Male,19.67.60.181
401,Arturo,Parres,aparresb4@eventbrite.com,Male,178.66.117.243
402,Aggy,Penbarthy,apenbarthyb5@sina.com.cn,Female,228.24.241.250
403,Helli,McJarrow,hmcjarrowb6@printfriendly.com,Female,134.146.57.224
404,Mersey,Stanbridge,mstanbridgeb7@google.co.jp,Female,131.238.51.90
405,Adrienne,Wane,awaneb8@bandcamp.com,Non-binary,147.7.238.229
406,Fernandina,Capps,fcappsb9@networksolutions.com,Female,174.238.237.188
407,Kearney,MacAfee,kmacafeeba@seattletimes.com,Bigender,127.21.247.18
408,Davidde,Corfield,dcorfieldbb@constantcontact.com,Male,74.216.190.145
409,Dix,Petera,dpeterabc@oaic.gov.au,Female,184.166.60.189
410,Ev,Rolstone,erolstonebd@w3.org,Male,238.84.121.245
411,Dacey,Evered,deveredbe@google.ru,Female,198.140.63.11
412,Weston,Woodhall,wwoodhallbf@tripod.com,Male,5.209.181.88
413,Nerty,Sperski,nsperskibg@google.nl,Female,111.154.41.226
414,Clemmy,Merry,cmerrybh@alexa.com,Female,121.6.192.236
415,Forster,De Lasci,fdelascibi@digg.com,Male,156.252.49.251
416,Silvanus,Sommerly,ssommerlybj@forbes.com,Male,254.0.117.127
417,Casey,Poag,cpoagbk@xing.com,Female,199.16.94.23
418,Estrellita,Khomin,ekhominbl@techcrunch.com,Female,233.141.99.194
419,Cross,Buff,cbuffbm@mapquest.com,Male,63.214.100.75
420,Diego,Pendre,dpendrebn@apple.com,Male,245.81.116.250
421,Tobie,Keemer,tkeemerbo@bigcartel.com,Male,28.88.75.161
422,Mandi,MacDonell,mmacdonellbp@fastcompany.com,Female,12.218.138.0
423,Cletus,Plumtree,cplumtreebq@dropbox.com,Male,167.74.26.16
424,Godfry,Bourget,gbourgetbr@umn.edu,Male,124.154.169.15
425,Jodi,Storry,jstorrybs@comsenz.com,Female,87.14.229.112
426,Edsel,Perrat,eperratbt@nyu.edu,Male,51.90.242.218
427,Louis,Pinnick,lpinnickbu@spotify.com,Male,9.44.245.255
428,Roldan,Whittier,rwhittierbv@linkedin.com,Male,107.134.23.209
429,Sigfried,Wolseley,swolseleybw@vinaora.com,Male,51.194.221.196
430,Addie,Feathers,afeathersbx@xing.com,Female,32.167.46.103
431,Gene,Davidoff,gdavidoffby@linkedin.com,Female,202.154.11.137
432,Edik,Grenkov,egrenkovbz@twitter.com,Genderqueer,117.40.231.25
433,Tadd,Wheeldon,twheeldonc0@free.fr,Male,217.109.222.253
434,Yehudi,Kidson,ykidsonc1@addtoany.com,Male,180.223.177.18
435,Gisella,Chicken,gchickenc2@weebly.com,Female,61.146.226.168
436,Frannie,Spilstead,fspilsteadc3@mapquest.com,Female,162.174.17.59
437,Cooper,Barthot,cbarthotc4@360.cn,Male,15.199.173.72
438,Jennette,Gurling,jgurlingc5@apple.com,Female,202.235.93.209
439,Dorelia,Ibanez,dibanezc6@elegantthemes.com,Female,143.249.219.12
440,Ban,Dalgarnowch,bdalgarnowchc7@answers.com,Male,128.57.202.41
441,Debera,Hoodspeth,dhoodspethc8@jimdo.com,Female,250.21.120.197
442,Conan,Matthaus,cmatthausc9@about.me,Male,229.130.107.198
443,Zaria,Cavy,zcavyca@economist.com,Agender,25.49.168.210
444,Hewett,Stopher,hstophercb@mtv.com,Male,104.254.70.134
445,Fraser,Tupp,ftuppcc@mozilla.com,Male,92.164.35.116
446,Jena,Clipson,jclipsoncd@myspace.com,Female,12.48.245.212
447,Lucine,Enstone,lenstonece@uiuc.edu,Female,181.225.190.95
448,Othella,Michelin,omichelincf@usatoday.com,Polygender,66.97.180.125
449,Gerry,Maymand,gmaymandcg@sina.com.cn,Male,61.22.203.196
450,Carlina,Leal,clealch@yale.edu,Polygender,67.249.13.4
451,Rod,Beedom,rbeedomci@xrea.com,Male,220.18.84.88
452,Troy,Furmagier,tfurmagiercj@freewebs.com,Male,44.241.118.190
453,Stevie,Huxley,shuxleyck@craigslist.org,Male,153.43.249.9
454,Delano,Kleinberer,dkleinberercl@alibaba.com,Male,214.205.240.113
455,Gherardo,Dashkovich,gdashkovichcm@geocities.com,Male,192.205.180.15
456,Pacorro,Seers,pseerscn@cnbc.com,Male,111.177.78.74
457,Lucas,Reuter,lreuterco@hud.gov,Male,134.44.61.243
458,Taffy,Rastrick,trastrickcp@wp.com,Female,33.120.25.163
459,Hesther,Edson,hedsoncq@irs.gov,Non-binary,134.35.26.196
460,Weylin,Weldrake,wweldrakecr@moonfruit.com,Male,189.208.31.216
461,Elvina,Luter,elutercs@friendfeed.com,Female,93.107.53.91
462,Elbertina,Trunkfield,etrunkfieldct@whitehouse.gov,Female,175.0.185.74
463,Galvan,Gockeler,ggockelercu@uiuc.edu,Male,211.43.53.18
464,Rycca,Duran,rdurancv@digg.com,Female,55.192.100.215
465,Neda,Rate,nratecw@surveymonkey.com,Female,21.192.166.143
466,Arlette,Osmon,aosmoncx@miibeian.gov.cn,Female,164.142.221.57
467,Liam,Kingstne,lkingstnecy@miibeian.gov.cn,Male,132.135.57.211
468,Rudd,Conklin,rconklincz@gravatar.com,Male,205.249.131.245
469,Maxie,Gracey,mgraceyd0@cocolog-nifty.com,Male,7.125.138.251
470,Gertruda,Mechem,gmechemd1@newsvine.com,Female,27.219.143.88
471,Anthea,Nasey,anaseyd2@newyorker.com,Female,79.40.97.74
472,Vick,Ties,vtiesd3@histats.com,Male,108.173.104.46
473,Kristi,Ginger,kgingerd4@tmall.com,Female,118.12.83.188
474,Ranna,Rearden,rreardend5@chronoengine.com,Female,219.203.161.159
475,Fulton,Wickie,fwickied6@w3.org,Male,180.71.127.40
476,Genevieve,Stangoe,gstangoed7@sbwire.com,Female,4.57.97.203
477,Anetta,McAlindon,amcalindond8@aol.com,Female,129.94.254.67
478,Braden,Haresnape,bharesnaped9@apache.org,Male,118.3.228.35
479,Martie,Stitfall,mstitfallda@oaic.gov.au,Male,132.244.183.46
480,Nikkie,O'Keeffe,nokeeffedb@princeton.edu,Female,205.174.246.162
481,Edd,Grubey,egrubeydc@unesco.org,Male,125.205.109.102
482,Silvanus,Nehls,snehlsdd@psu.edu,Male,59.86.239.118
483,Hilde,Hallmark,hhallmarkde@liveinternet.ru,Female,120.89.186.241
484,Janot,Crapper,jcrapperdf@naver.com,Genderqueer,250.51.100.223
485,Ode,Elkin,oelkindg@youku.com,Male,177.31.51.42
486,Geri,Pattemore,gpattemoredh@newsvine.com,Female,156.113.89.86
487,Angelico,Libbis,alibbisdi@skype.com,Male,203.45.32.71
488,Basil,Seniour,bseniourdj@seattletimes.com,Male,124.157.192.14
489,Klarika,Coatham,kcoathamdk@github.com,Female,74.25.143.152
490,Chelsae,Redit,creditdl@yahoo.co.jp,Female,222.219.20.122
491,Tadeo,Georgel,tgeorgeldm@boston.com,Male,70.11.27.114
492,Annalise,Verner,avernerdn@accuweather.com,Female,111.65.215.229
493,Marissa,Mallall,mmallalldo@harvard.edu,Female,56.202.177.9
494,Dag,Kann,dkanndp@reverbnation.com,Male,130.219.199.42
495,Adella,Braundt,abraundtdq@intel.com,Female,16.52.72.43
496,Steward,Burkhill,sburkhilldr@cloudflare.com,Male,239.192.117.14
497,Kyle,Tomczak,ktomczakds@cornell.edu,Female,179.25.46.109
498,Ula,Jickles,ujicklesdt@symantec.com,Female,58.153.69.119
499,Zulema,Stroyan,zstroyandu@google.co.jp,Female,198.144.222.160
500,Tommy,Catley,tcatleydv@craigslist.org,Male,54.23.64.144
501,Ediva,Helwig,ehelwigdw@ftc.gov,Female,103.105.247.93
502,Ario,Shipton,ashiptondx@nps.gov,Male,248.181.171.246
503,Fidel,Foulger,ffoulgerdy@ox.ac.uk,Male,121.98.21.147
504,Timmie,Pretsel,tpretseldz@timesonline.co.uk,Male,157.117.137.226
505,Tyrone,Solano,tsolanoe0@pcworld.com,Male,247.181.75.32
506,Orv,Ramey,orameye1@comsenz.com,Male,18.101.153.145
507,Roth,Mulqueen,rmulqueene2@tiny.cc,Male,252.127.47.200
508,Evered,Fahy,efahye3@mit.edu,Male,35.107.44.81
509,Nickey,Begg,nbegge4@tumblr.com,Bigender,161.24.109.30
510,Madeleine,Lednor,mlednore5@comcast.net,Female,14.77.153.90
511,Erny,Boydon,eboydone6@4shared.com,Male,230.213.161.202
512,Marjory,Shovelin,mshoveline7@istockphoto.com,Female,186.136.218.53
513,Gradeigh,Teare,gtearee8@surveymonkey.com,Male,232.17.188.199
514,Hewe,Hugk,hhugke9@intel.com,Male,185.191.42.182
515,Alvina,Wait,awaitea@vkontakte.ru,Female,231.158.222.173
516,Romola,MacAllister,rmacallistereb@miitbeian.gov.cn,Female,200.203.80.65
517,Welch,Sumnall,wsumnallec@upenn.edu,Male,86.90.75.86
518,Grethel,Sturte,gsturteed@studiopress.com,Female,206.94.215.72
519,Joaquin,Cady,jcadyee@angelfire.com,Male,201.189.164.34
520,Cristionna,Powelee,cpoweleeef@army.mil,Female,149.6.96.116
521,Saxe,Leyninye,sleyninyeeg@forbes.com,Male,200.245.98.168
522,Yelena,Demelt,ydemelteh@illinois.edu,Female,248.138.77.32
523,Talbot,Dunthorn,tdunthornei@ask.com,Male,224.237.0.179
524,Willamina,Basilio,wbasilioej@pcworld.com,Female,211.161.240.198
525,Garfield,Dearan,gdearanek@vistaprint.com,Male,230.244.10.13
526,Charil,Cometto,ccomettoel@youtube.com,Female,131.119.186.28
527,Zebedee,Morritt,zmorrittem@statcounter.com,Genderqueer,92.67.66.157
528,Netty,Adamiec,nadamiecen@barnesandnoble.com,Female,161.214.216.17
529,Dmitri,Hindshaw,dhindshaweo@privacy.gov.au,Male,231.81.69.255
530,Edee,Bowman,ebowmanep@google.com.br,Female,154.30.132.126
531,Aeriell,Gray,agrayeq@cpanel.net,Female,246.145.119.161
532,Ursola,Rockey,urockeyer@behance.net,Female,52.180.193.33
533,Almeda,Angrock,aangrockes@photobucket.com,Female,184.240.161.128
534,Yettie,Sodor,ysodoret@e-recht24.de,Female,170.29.45.194
535,Melvyn,Hawson,mhawsoneu@amazon.de,Male,75.220.66.249
536,Rollins,Doiley,rdoileyev@smugmug.com,Male,86.10.223.106
537,Susanna,Grim,sgrimew@flavors.me,Female,156.159.101.138
538,Jordan,Burnie,jburnieex@soup.io,Male,80.137.145.70
539,Kayne,Castles,kcastlesey@mozilla.com,Male,225.66.199.73
540,Flora,Deegin,fdeeginez@google.ca,Female,129.131.117.107
541,Bernete,Sinclar,bsinclarf0@google.co.jp,Female,166.181.120.2
542,Wang,Bywater,wbywaterf1@squarespace.com,Male,240.29.225.53
543,Mar,Vella,mvellaf2@deviantart.com,Male,141.175.194.230
544,Royall,Brenard,rbrenardf3@g.co,Male,113.103.128.13
545,Vittorio,O'Donovan,vodonovanf4@g.co,Male,141.1.246.153
546,Lorianne,Yegorov,lyegorovf5@springer.com,Genderfluid,191.193.163.34
547,Vassily,De Normanville,vdenormanvillef6@hao123.com,Male,120.107.19.25
548,Shannon,Paviour,spaviourf7@chicagotribune.com,Female,207.147.158.216
549,Else,Arnoll,earnollf8@nationalgeographic.com,Female,242.100.168.28
550,Junette,Bach,jbachf9@tripadvisor.com,Female,166.195.81.98
551,Gusti,Giffard,ggiffardfa@multiply.com,Female,208.194.35.126
552,Shela,Carville,scarvillefb@youku.com,Female,75.242.178.156
553,Doroteya,Dilston,ddilstonfc@nbcnews.com,Female,27.219.236.202
554,Rolfe,Deverille,rdeverillefd@blogtalkradio.com,Male,0.99.125.89
555,Andeee,Monteith,amonteithfe@mit.edu,Female,107.180.231.24
556,Emlen,Goodanew,egoodanewff@mozilla.com,Male,212.225.199.21
557,Ollie,Maides,omaidesfg@ezinearticles.com,Male,118.41.138.117
558,Moina,Sabine,msabinefh@archive.org,Female,216.87.171.217
559,Myca,Fleming,mflemingfi@hud.gov,Male,101.176.9.5
560,Helena,Paddon,hpaddonfj@flickr.com,Female,181.5.227.156
561,Elvira,McGregor,emcgregorfk@bloomberg.com,Female,113.195.191.100
562,Melisandra,Sweetland,msweetlandfl@blinklist.com,Female,178.164.138.175
563,Wadsworth,Sundin,wsundinfm@yellowpages.com,Male,84.180.251.201
564,Demetre,Musk,dmuskfn@wisc.edu,Male,67.203.190.103
565,Keely,Matevosian,kmatevosianfo@joomla.org,Female,170.3.97.104
566,Darryl,Lording,dlordingfp@livejournal.com,Male,137.68.90.138
567,Michelina,Dearth,mdearthfq@uiuc.edu,Female,108.75.163.124
568,Jorie,Cassius,jcassiusfr@nifty.com,Female,165.57.93.105
569,Perri,Goscar,pgoscarfs@wordpress.com,Female,160.119.125.115
570,Ky,Markie,kmarkieft@feedburner.com,Male,124.156.101.76
571,Sissie,Kearton,skeartonfu@patch.com,Female,149.6.202.127
572,Blancha,Copins,bcopinsfv@boston.com,Female,85.28.113.239
573,Ilario,Loughan,iloughanfw@drupal.org,Male,60.204.172.57
574,Beckie,Giamelli,bgiamellifx@cargocollective.com,Female,232.28.100.197
575,Maddie,Arnecke,marneckefy@infoseek.co.jp,Male,238.53.21.151
576,Walsh,Kurth,wkurthfz@wordpress.org,Male,151.115.250.173
577,Adelice,Lighten,alighteng0@umn.edu,Female,137.198.159.140
578,Sybila,Sherry,ssherryg1@state.gov,Female,249.130.102.157
579,Annadiana,Rowland,arowlandg2@house.gov,Female,153.216.222.164
580,Sigismondo,Bentson,sbentsong3@uiuc.edu,Male,7.47.227.199
581,Gilbertine,Ringe,gringeg4@hud.gov,Female,125.227.139.155
582,Ellis,Rubel,erubelg5@usda.gov,Male,148.105.121.210
583,Rafa,Baugham,rbaughamg6@vinaora.com,Female,182.213.74.12
584,Whitaker,Masselin,wmasseling7@behance.net,Male,219.109.123.182
585,Leoline,Skirvin,lskirving8@forbes.com,Female,7.166.222.134
586,Julio,Dreossi,jdreossig9@unicef.org,Genderfluid,25.105.37.30
587,Shelley,Harness,sharnessga@google.com.br,Female,147.133.135.233
588,Maximilian,Goering,mgoeringgb@domainmarket.com,Male,107.210.125.43
589,Sharia,Ogelbe,sogelbegc@wikia.com,Female,44.21.188.54
590,Francene,Itzcovichch,fitzcovichchgd@acquirethisname.com,Female,133.75.2.100
591,Dorise,Saye,dsayege@foxnews.com,Female,215.145.44.66
592,Dorry,Gussin,dgussingf@pinterest.com,Female,203.249.130.22
593,Isabelita,Mitrikhin,imitrikhingg@vkontakte.ru,Female,165.124.155.111
594,Adena,Verecker,avereckergh@diigo.com,Polygender,99.202.15.108
595,Early,Featherstonhaugh,efeatherstonhaughgi@nps.gov,Male,179.83.71.169
596,Annamaria,Liddington,aliddingtongj@gizmodo.com,Female,237.245.221.62
597,Germayne,Adamiak,gadamiakgk@ovh.net,Male,245.69.92.107
598,Devina,Bakster,dbakstergl@globo.com,Female,248.50.43.12
599,Salim,Wybrow,swybrowgm@noaa.gov,Male,53.37.16.216
600,Blair,Trudgian,btrudgiangn@theglobeandmail.com,Female,6.189.157.63
601,Doralin,Purvis,dpurvisgo@gnu.org,Female,76.188.183.34
602,Jamal,Muston,jmustongp@pen.io,Male,63.208.173.136
603,Lexine,Caesmans,lcaesmansgq@google.com.au,Female,160.72.69.162
604,Brandi,Goscar,bgoscargr@mozilla.com,Female,178.7.146.140
605,Fidel,Gregoire,fgregoiregs@ucsd.edu,Male,46.127.195.221
606,Gertie,Whittington,gwhittingtongt@issuu.com,Female,219.196.104.232
607,Dall,Hedingham,dhedinghamgu@lycos.com,Male,167.32.116.34
608,Alberta,Cobon,acobongv@exblog.jp,Female,40.92.34.88
609,Cissy,Pettinger,cpettingergw@aboutads.info,Female,191.124.109.176
610,Ozzy,Danbury,odanburygx@taobao.com,Male,46.36.18.7
611,Ariela,Archanbault,aarchanbaultgy@prlog.org,Female,205.209.78.129
612,Gaspard,Lauxmann,glauxmanngz@berkeley.edu,Male,118.202.166.102
613,Artair,Juszkiewicz,ajuszkiewiczh0@wix.com,Male,246.112.81.121
614,Jocelin,Delong,jdelongh1@springer.com,Female,133.148.104.19
615,Sean,Woollcott,swoollcotth2@amazon.de,Male,126.13.194.61
616,Karine,Ullrich,kullrichh3@dyndns.org,Female,244.99.74.96
617,Chrystel,Aleksic,caleksich4@lycos.com,Female,152.177.212.238
618,Brantley,Fielder,bfielderh5@fastcompany.com,Male,171.166.42.232
619,Betty,O' Hanvey,bohanveyh6@1und1.de,Female,18.7.140.228
620,Cecilia,Shoubridge,cshoubridgeh7@opensource.org,Female,182.64.147.144
621,Boy,Allatt,ballatth8@sciencedaily.com,Male,180.29.220.192
622,Maddy,Crolly,mcrollyh9@fda.gov,Male,234.166.205.144
623,Meade,Kinson,mkinsonha@seattletimes.com,Male,99.33.218.80
624,Corry,Mulran,cmulranhb@oakley.com,Female,125.230.3.145
625,Kristofor,Brundle,kbrundlehc@intel.com,Male,177.142.5.195
626,Rodrique,Brokenshaw,rbrokenshawhd@theglobeandmail.com,Male,178.8.130.126
627,Robin,Cuerdall,rcuerdallhe@google.co.uk,Female,251.29.206.248
628,Artemas,Mosedale,amosedalehf@epa.gov,Male,27.42.90.102
629,Reece,Petti,rpettihg@hostgator.com,Male,169.13.174.62
630,Morton,Halpeine,mhalpeinehh@shutterfly.com,Male,217.239.45.65
631,Haleigh,Kwietak,hkwietakhi@comcast.net,Male,169.9.231.139
632,Reinaldo,Scanlan,rscanlanhj@odnoklassniki.ru,Male,105.254.190.127
633,Janos,Shapter,jshapterhk@fastcompany.com,Male,77.155.135.151
634,Jena,Harriman,jharrimanhl@reuters.com,Female,194.31.17.229
635,Maridel,Glasby,mglasbyhm@ebay.com,Female,97.152.132.37
636,Belia,Robertucci,brobertuccihn@altervista.org,Female,189.224.39.225
637,Ardine,Haddow,ahaddowho@1und1.de,Female,201.0.150.121
638,Allan,Joinson,ajoinsonhp@who.int,Male,21.40.83.89
639,Maxie,Velte,mveltehq@yahoo.com,Female,173.99.132.166
640,Langston,Penman,lpenmanhr@discuz.net,Male,149.234.77.136
641,Any,Brettor,abrettorhs@github.io,Male,15.57.127.93
642,Anissa,Mackiewicz,amackiewiczht@networksolutions.com,Female,38.70.44.87
643,Dotti,Nortunen,dnortunenhu@tamu.edu,Female,180.4.93.247
644,Sheree,Reeme,sreemehv@cocolog-nifty.com,Female,246.54.198.35
645,Darb,Fellow,dfellowhw@cbslocal.com,Male,73.182.16.158
646,Even,Fogden,efogdenhx@msu.edu,Male,136.226.154.239
647,Jake,Rydzynski,jrydzynskihy@hexun.com,Male,43.219.148.4
648,Lou,O'Henery,loheneryhz@google.co.jp,Female,163.7.129.10
649,Marya,Luno,mlunoi0@dedecms.com,Female,143.198.172.104
650,Jeana,Bewsey,jbewseyi1@walmart.com,Female,72.138.178.99
651,Erroll,Hornig,ehornigi2@lycos.com,Male,163.6.68.176
652,Kristofer,Lane,klanei3@linkedin.com,Male,85.35.33.36
653,Ivonne,Duval,iduvali4@wordpress.com,Female,154.64.111.66
654,Ynez,Weare,ywearei5@china.com.cn,Female,22.140.196.143
655,Carlota,Bluett,cbluetti6@dailymail.co.uk,Female,9.3.1.36
656,Benji,Edleston,bedlestoni7@rambler.ru,Male,233.245.131.150
657,Alessandro,Queyeiro,aqueyeiroi8@ucoz.ru,Male,179.234.86.192
658,Peder,Muzzillo,pmuzzilloi9@youtube.com,Male,250.64.34.6
659,Gwendolin,Sayre,gsayreia@nbcnews.com,Female,56.5.97.108
660,Staffard,Taffley,staffleyib@hhs.gov,Male,21.225.212.149
661,Constantino,Leask,cleaskic@hostgator.com,Male,105.93.95.108
662,Yvette,Derell,yderellid@google.ca,Female,62.109.191.83
663,Rivalee,Girardini,rgirardiniie@apache.org,Female,166.243.33.20
664,Tallie,Fenners,tfennersif@engadget.com,Female,20.192.194.179
665,Xerxes,Styles,xstylesig@shutterfly.com,Male,211.179.135.187
666,Paloma,Kopec,pkopecih@cpanel.net,Female,152.123.92.64
667,Seana,Monk,smonkii@dailymotion.com,Female,26.166.100.250
668,Matelda,Fretwell,mfretwellij@rambler.ru,Female,25.37.122.192
669,Fairleigh,Shawley,fshawleyik@elpais.com,Male,154.34.158.229
670,Fernando,Bawden,fbawdenil@mayoclinic.com,Male,105.114.206.152
671,Samuel,Bloss,sblossim@bing.com,Male,125.73.94.49
672,Jaquenetta,MacKeller,jmackellerin@fotki.com,Female,100.95.150.68
673,Aindrea,Moody,amoodyio@mtv.com,Female,235.187.155.63
674,Arte,Sellack,asellackip@businessinsider.com,Male,241.53.54.142
675,Ravi,Filliskirk,rfilliskirkiq@simplemachines.org,Male,177.255.232.66
676,Glori,Ede,gedeir@umn.edu,Female,222.107.84.152
677,Cazzie,Aldersley,caldersleyis@washington.edu,Male,2.47.239.241
678,Verney,Edinburgh,vedinburghit@com.com,Male,217.42.136.76
679,Hebert,Stockle,hstockleiu@disqus.com,Male,203.50.64.142
680,Philipa,Keer,pkeeriv@examiner.com,Female,11.98.242.179
681,Larisa,Trenholme,ltrenholmeiw@economist.com,Female,192.35.106.161
682,Kippy,Solway,ksolwayix@samsung.com,Male,186.63.43.82
683,Papagena,De Roos,pderoosiy@theguardian.com,Female,236.47.27.194
684,Tiffy,Forge,tforgeiz@diigo.com,Female,51.248.119.49
685,Willdon,Savidge,wsavidgej0@cam.ac.uk,Male,41.124.209.212
686,Allsun,Synan,asynanj1@epa.gov,Female,248.153.13.172
687,Kayla,Langton,klangtonj2@reuters.com,Female,138.203.166.192
688,Janice,Jenkerson,jjenkersonj3@businessweek.com,Genderfluid,124.41.124.92
689,Jarid,Mogey,jmogeyj4@arstechnica.com,Male,22.197.102.54
690,Nadya,Middlemist,nmiddlemistj5@deviantart.com,Female,0.168.196.112
691,Izzy,Goble,igoblej6@nationalgeographic.com,Male,213.76.42.152
692,Silvester,Cohalan,scohalanj7@oakley.com,Male,165.3.231.158
693,Cilka,Lupson,clupsonj8@yahoo.com,Polygender,56.140.143.248
694,Sissy,Chatband,schatbandj9@ed.gov,Female,234.168.225.163
695,Cherye,Collier,ccollierja@engadget.com,Bigender,165.244.241.3
696,Frazier,O'Criane,focrianejb@cornell.edu,Male,1.140.224.238
697,Wyn,Keable,wkeablejc@eventbrite.com,Male,158.76.32.32
698,Curr,Bowra,cbowrajd@theglobeandmail.com,Male,43.76.253.199
699,Kilian,Haycraft,khaycraftje@bing.com,Male,53.131.77.3
700,Domingo,Bridge,dbridgejf@e-recht24.de,Male,149.123.255.109
701,Fiona,Gartin,fgartinjg@cam.ac.uk,Female,105.120.98.232
702,Abba,Long,alongjh@wufoo.com,Male,30.158.236.221
703,Derk,Marte,dmarteji@uiuc.edu,Male,142.195.144.138
704,Rhonda,Griss,rgrissjj@blogspot.com,Female,102.245.86.118
705,Alan,Aliberti,aalibertijk@census.gov,Male,154.109.57.86
706,Marge,Luther,mlutherjl@zdnet.com,Female,127.245.115.139
707,Stanislas,Mollitt,smollittjm@dot.gov,Male,11.126.143.162
708,Gavra,Roskelly,groskellyjn@npr.org,Female,0.163.133.119
709,Ezekiel,Baal,ebaaljo@amazon.co.jp,Male,142.240.84.139
710,Suzy,Cottell,scottelljp@naver.com,Female,88.207.241.225
711,Devora,Spacy,dspacyjq@blogger.com,Female,39.254.122.118
712,Worthy,McConigal,wmcconigaljr@washingtonpost.com,Male,189.97.21.157
713,Sandie,MacIlory,smaciloryjs@adobe.com,Genderfluid,14.176.175.162
714,Jackie,Emmens,jemmensjt@hud.gov,Male,8.132.27.109
715,Merline,Hospital,mhospitalju@about.me,Female,210.25.110.49
716,Frederik,Mintoft,fmintoftjv@constantcontact.com,Male,167.195.129.62
717,Ramonda,Grzeskowski,rgrzeskowskijw@harvard.edu,Female,137.77.117.10
718,Tannie,Ledstone,tledstonejx@cbsnews.com,Male,179.92.29.182
719,Hildagarde,Perello,hperellojy@opera.com,Female,61.139.14.2
720,Jacenta,Doornbos,jdoornbosjz@fda.gov,Female,157.62.232.188
721,Simeon,Soltan,ssoltank0@github.io,Male,102.165.228.196
722,Kellen,Deme,kdemek1@aol.com,Female,177.124.222.20
723,Crystie,Juniper,cjuniperk2@wix.com,Female,188.226.30.167
724,Ansell,Robertson,arobertsonk3@liveinternet.ru,Male,233.23.83.241
725,Mignon,Ivanenko,mivanenkok4@mlb.com,Female,158.226.39.211
726,Verne,Bradnam,vbradnamk5@comcast.net,Male,152.164.153.28
727,Fredric,Colleton,fcolletonk6@spotify.com,Male,127.226.110.62
728,Curtis,Pellew,cpellewk7@t.co,Male,248.202.255.177
729,Jordana,Critten,jcrittenk8@newsvine.com,Female,156.120.74.119
730,Staford,Adamolli,sadamollik9@sina.com.cn,Male,109.123.153.115
731,Leyla,Fritzer,lfritzerka@google.es,Female,197.18.41.84
732,Melisenda,Kennford,mkennfordkb@ask.com,Female,221.226.12.45
733,Davie,Burbidge,dburbidgekc@nih.gov,Male,205.39.180.193
734,Rebekkah,Amner,ramnerkd@printfriendly.com,Female,122.60.61.168
735,Oriana,Almeida,oalmeidake@booking.com,Female,49.101.208.133
736,Lotty,Tuffs,ltuffskf@phoca.cz,Female,60.191.15.158
737,Hetti,Ivachyov,hivachyovkg@hao123.com,Female,70.31.44.180
738,Danita,Leader,dleaderkh@mysql.com,Female,232.178.176.23
739,Bard,Verduin,bverduinki@reference.com,Male,60.49.62.102
740,Zelda,Lody,zlodykj@xinhuanet.com,Female,132.74.34.91
741,Sianna,Nicol,snicolkk@washington.edu,Female,214.90.198.251
742,Natalya,Sones,nsoneskl@friendfeed.com,Female,39.100.150.237
743,Xenia,MacDermot,xmacdermotkm@cafepress.com,Female,92.171.148.240
744,Miranda,MacAlroy,mmacalroykn@redcross.org,Female,179.127.94.132
745,Blakelee,Kerfut,bkerfutko@salon.com,Genderqueer,117.17.93.182
746,Arlinda,Munton,amuntonkp@smh.com.au,Bigender,186.254.4.97
747,Milka,Steely,msteelykq@1und1.de,Female,104.31.137.164
748,Allix,Burhouse,aburhousekr@virginia.edu,Female,70.0.40.60
749,Myron,Perrelle,mperrelleks@usatoday.com,Male,209.64.80.55
750,Vincent,Caughan,vcaughankt@joomla.org,Male,87.17.162.13
751,Nani,Covey,ncoveyku@jigsy.com,Non-binary,18.90.206.34
752,Arlene,Novik,anovikkv@exblog.jp,Genderfluid,115.144.145.244
753,Faber,Loadman,floadmankw@illinois.edu,Polygender,117.246.240.251
754,Doti,Gosz,dgoszkx@imageshack.us,Female,254.218.209.81
755,Mirabel,Hailston,mhailstonky@chronoengine.com,Female,243.230.74.238
756,Maribel,Leipoldt,mleipoldtkz@walmart.com,Agender,81.170.38.16
757,Titus,Kite,tkitel0@cnn.com,Male,132.54.0.217
758,Carlyle,Kiln,ckilnl1@wired.com,Male,188.236.78.76
759,Victor,Yakuntzov,vyakuntzovl2@bbc.co.uk,Male,70.31.60.6
760,Dori,Barszczewski,dbarszczewskil3@blogtalkradio.com,Female,10.167.88.185
761,Eamon,Heilds,eheildsl4@seattletimes.com,Male,58.96.50.192
762,Ermin,Duckham,educkhaml5@weibo.com,Male,154.20.51.131
763,Gar,Clouston,gcloustonl6@people.com.cn,Male,17.23.216.28
764,Putnem,Fitter,pfitterl7@google.com.hk,Male,198.151.137.156
765,Kassie,Gaudon,kgaudonl8@nba.com,Female,50.57.176.195
766,Flo,Chaffin,fchaffinl9@icio.us,Female,83.243.209.81
767,Carly,Gomez,cgomezla@cnet.com,Male,226.78.120.218
768,Mabelle,Rickell,mrickelllb@ovh.net,Female,7.50.210.236
769,Torey,Croucher,tcroucherlc@cbsnews.com,Non-binary,102.237.207.221
770,Kirby,Trewartha,ktrewarthald@google.nl,Genderqueer,163.28.159.210
771,Lucky,Shower,lshowerle@independent.co.uk,Female,117.124.154.212
772,Merrill,Doeg,mdoeglf@netscape.com,Male,24.213.33.134
773,Torrin,Balf,tbalflg@desdev.cn,Male,234.139.234.146
774,Mariam,Heinicke,mheinickelh@timesonline.co.uk,Female,158.165.224.241
775,Susanna,Steinor,ssteinorli@archive.org,Female,73.130.19.179
776,Gibb,Oiller,goillerlj@alexa.com,Male,164.160.37.113
777,Cathrin,Iskov,ciskovlk@multiply.com,Female,77.167.171.197
778,Susette,Alishoner,salishonerll@comcast.net,Female,156.80.172.142
779,Aeriel,Di Francesco,adifrancescolm@cargocollective.com,Female,93.68.91.3
780,Leslie,Littefair,llittefairln@google.fr,Male,208.146.150.215
781,Shannen,Gladding,sgladdinglo@epa.gov,Female,59.187.160.240
782,Nahum,Goady,ngoadylp@dedecms.com,Male,216.26.229.236
783,Sanson,Kleinhaut,skleinhautlq@huffingtonpost.com,Male,81.224.113.176
784,Whit,Lisle,wlislelr@biblegateway.com,Male,102.119.118.188
785,Aubrie,Gowthorpe,agowthorpels@cloudflare.com,Female,228.17.136.196
786,Orrin,Green,ogreenlt@yellowpages.com,Male,76.80.113.198
787,Bunny,Rivitt,brivittlu@aboutads.info,Female,201.24.29.67
788,Ellis,Eltune,eeltunelv@drupal.org,Male,182.126.13.7
789,Martie,Baudin,mbaudinlw@bloglines.com,Non-binary,56.79.199.3
790,Ciel,McMenamy,cmcmenamylx@walmart.com,Female,211.59.199.28
791,Mata,Millwall,mmillwallly@netvibes.com,Male,104.255.101.53
792,Sergei,Brantzen,sbrantzenlz@auda.org.au,Bigender,32.195.144.208
793,Erena,Manhare,emanharem0@google.com.hk,Female,22.228.238.127
794,Vicki,MacIntyre,vmacintyrem1@list-manage.com,Female,74.32.151.162
795,Loren,Clarkson,lclarksonm2@auda.org.au,Male,179.48.131.197
796,Arleen,Tander,atanderm3@merriam-webster.com,Female,74.90.8.133
797,Carmen,Le Grove,clegrovem4@dailymotion.com,Female,166.12.171.45
798,Devondra,Sagar,dsagarm5@patch.com,Female,147.224.19.170
799,Maryann,Leglise,mleglisem6@mozilla.com,Female,82.228.114.170
800,Shandra,Tuddall,studdallm7@w3.org,Female,240.201.54.115
801,Tarrah,Redferne,tredfernem8@pen.io,Female,196.226.58.193
802,Hazel,Measures,hmeasuresm9@blog.com,Female,209.11.176.216
803,Ameline,Menhci,amenhcima@ucoz.ru,Female,28.211.129.154
804,Garret,Pridie,gpridiemb@sitemeter.com,Male,214.138.37.162
805,Duane,Kenen,dkenenmc@reddit.com,Male,233.184.200.214
806,Goldy,Linfoot,glinfootmd@drupal.org,Female,205.248.102.39
807,Beitris,Mattiacci,bmattiaccime@furl.net,Female,43.204.252.174
808,Tanitansy,Wandrich,twandrichmf@nymag.com,Bigender,8.87.195.124
809,Elisabeth,McKall,emckallmg@netscape.com,Female,42.243.55.193
810,Eldin,Yannikov,eyannikovmh@huffingtonpost.com,Male,85.161.157.20
811,Michael,Zorzi,mzorzimi@unesco.org,Male,80.240.152.205
812,Tucker,Broxup,tbroxupmj@vimeo.com,Male,3.209.12.215
813,Rae,De Filippo,rdefilippomk@chron.com,Female,88.95.136.101
814,Denney,Tomczynski,dtomczynskiml@constantcontact.com,Male,46.22.99.13
815,Martynne,Koles,mkolesmm@ca.gov,Female,5.57.28.252
816,Koral,Paddemore,kpaddemoremn@livejournal.com,Female,200.79.165.0
817,Boigie,Goldsbury,bgoldsburymo@webnode.com,Male,125.10.206.168
818,Demeter,Josipovitz,djosipovitzmp@cnn.com,Female,215.10.250.201
819,Dell,McKall,dmckallmq@sphinn.com,Female,160.246.206.178
820,Aloysia,Wreakes,awreakesmr@nsw.gov.au,Female,86.168.17.50
821,Keary,Clacson,kclacsonms@com.com,Male,238.180.214.45
822,Marysa,Desseine,mdesseinemt@redcross.org,Female,63.123.92.100
823,Mace,Veld,mveldmu@homestead.com,Male,247.173.1.177
824,Denice,Du Fray,ddufraymv@123-reg.co.uk,Non-binary,105.34.89.98
825,Karlene,Kelbie,kkelbiemw@cisco.com,Female,247.157.201.41
826,Seline,Archibould,sarchibouldmx@sfgate.com,Female,179.111.0.54
827,Emiline,Stock,estockmy@forbes.com,Female,30.194.190.184
828,Gal,Neave,gneavemz@sogou.com,Male,187.32.20.90
829,Simona,Prendergast,sprendergastn0@imgur.com,Female,57.236.200.171
830,Farra,Kirkpatrick,fkirkpatrickn1@mozilla.com,Female,188.123.123.25
831,Philbert,Dedam,pdedamn2@ifeng.com,Male,103.74.128.202
832,Clemence,Planke,cplanken3@jigsy.com,Female,217.88.17.201
833,Tadio,Chern,tchernn4@fotki.com,Male,225.1.162.164
834,Sosanna,Harefoot,sharefootn5@hc360.com,Female,60.182.106.5
835,Adora,Kettow,akettown6@ca.gov,Female,30.195.211.196
836,Kai,Hopewell,khopewelln7@facebook.com,Female,17.74.104.168
837,Binny,Villa,bvillan8@wufoo.com,Female,54.152.172.58
838,Tymon,Boddam,tboddamn9@chron.com,Male,185.71.93.145
839,Clair,McGarrell,cmcgarrellna@paginegialle.it,Female,48.209.83.50
840,Flss,Figure,ffigurenb@mozilla.org,Female,70.40.102.118
841,Noble,Sprowson,nsprowsonnc@yandex.ru,Male,93.111.29.18
842,Maureene,Bolam,mbolamnd@about.me,Female,82.123.173.228
843,Merle,Genery,mgeneryne@gravatar.com,Female,217.146.130.120
844,Bertram,Conor,bconornf@networkadvertising.org,Male,41.152.231.134
845,Katharine,Ashelford,kashelfordng@hp.com,Female,85.75.209.166
846,Walsh,Duckers,wduckersnh@netscape.com,Male,239.20.239.226
847,Isabel,Mollatt,imollattni@sphinn.com,Female,117.38.113.58
848,Ed,Castellanos,ecastellanosnj@businessweek.com,Male,135.171.244.132
849,Lin,McEntegart,lmcentegartnk@toplist.cz,Non-binary,79.162.47.150
850,Gretta,Franchi,gfranchinl@nifty.com,Female,48.93.46.246
851,Benedetta,Phlippsen,bphlippsennm@topsy.com,Female,16.180.81.147
852,Janifer,Deabill,jdeabillnn@nature.com,Female,101.109.67.91
853,Ivie,Goodayle,igoodayleno@washington.edu,Bigender,179.18.88.28
854,Joseito,Lerway,jlerwaynp@google.pl,Male,63.8.176.22
855,Ambrose,McAleese,amcaleesenq@rakuten.co.jp,Male,85.223.8.111
856,Mordecai,Kleeborn,mkleebornnr@nytimes.com,Male,140.247.235.79
857,Delia,Behr,dbehrns@xing.com,Female,125.13.201.178
858,Galvan,Eccles,gecclesnt@google.com.hk,Male,250.27.171.186
859,Eric,Hutley,ehutleynu@unesco.org,Male,142.70.174.175
860,Albina,Scullard,ascullardnv@wordpress.com,Female,133.254.234.127
861,Ruddy,Boxell,rboxellnw@php.net,Male,101.146.161.213
862,Fay,Sockell,fsockellnx@imgur.com,Female,220.4.18.203
863,Kylie,Kyd,kkydny@smugmug.com,Female,183.222.147.62
864,Rogerio,Hail,rhailnz@gov.uk,Male,133.175.213.85
865,Floris,Bulfield,fbulfieldo0@reddit.com,Female,240.223.144.4
866,Brooke,Curee,bcureeo1@virginia.edu,Male,130.186.144.221
867,Sydney,Loughhead,sloughheado2@nifty.com,Female,154.91.10.21
868,Frankie,Folk,ffolko3@wiley.com,Male,221.163.139.2
869,Issi,Spon,ispono4@sphinn.com,Female,143.233.118.42
870,Thornie,Philippart,tphilipparto5@sfgate.com,Male,39.246.22.48
871,Aeriell,Tomicki,atomickio6@t.co,Female,196.74.145.21
872,Chet,Creeghan,ccreeghano7@e-recht24.de,Male,14.154.240.223
873,Fletch,Jirick,fjiricko8@naver.com,Male,49.118.29.194
874,Angelique,Rickwood,arickwoodo9@cbc.ca,Female,222.129.163.101
875,Lockwood,Haggis,lhaggisoa@jiathis.com,Male,53.169.119.142
876,Othelia,Scroggins,oscrogginsob@addtoany.com,Female,104.17.162.114
877,Othello,Rorke,ororkeoc@cnbc.com,Agender,171.232.119.106
878,Sylvia,Thoma,sthomaod@psu.edu,Female,193.211.239.15
879,Tommie,Corrett,tcorrettoe@youtube.com,Male,34.164.149.166
880,Ransom,Linfield,rlinfieldof@zimbio.com,Male,79.80.50.158
881,Kiley,Saintpierre,ksaintpierreog@vimeo.com,Female,34.107.31.108
882,Ashla,Crank,acrankoh@nhs.uk,Female,55.169.234.24
883,Orly,Cloake,ocloakeoi@nymag.com,Female,35.238.106.128
884,Cleveland,Bails,cbailsoj@bloglines.com,Male,148.139.76.3
885,Henka,Slocum,hslocumok@go.com,Female,97.115.94.65
886,De witt,Paige,dpaigeol@wired.com,Male,17.117.67.241
887,Basilio,MacCleod,bmaccleodom@acquirethisname.com,Genderfluid,56.249.119.38
888,Bernard,Bilsland,bbilslandon@webmd.com,Bigender,107.137.133.205
889,Constanta,Fancet,cfancetoo@imdb.com,Female,246.224.111.181
890,Haydon,Bromont,hbromontop@naver.com,Male,152.22.223.250
891,Teresa,Skoughman,tskoughmanoq@epa.gov,Female,197.206.249.19
892,Shaine,Tows,stowsor@edublogs.org,Male,125.241.188.204
893,Lyn,Hadgkiss,lhadgkissos@thetimes.co.uk,Male,110.115.50.245
894,Raimundo,Boner,rbonerot@ustream.tv,Male,32.74.169.218
895,Gilberto,McNeill,gmcneillou@ezinearticles.com,Non-binary,117.170.11.89
896,Essie,Sanpher,esanpherov@wufoo.com,Female,52.105.158.5
897,Fernando,Derkes,fderkesow@flickr.com,Male,136.136.23.99
898,Easter,Boissier,eboissierox@msu.edu,Female,60.100.155.160
899,Hadlee,Gullyes,hgullyesoy@redcross.org,Male,249.2.91.196
900,Ellen,Pykett,epykettoz@zdnet.com,Female,172.105.47.186
901,Brier,Danjoie,bdanjoiep0@google.co.jp,Female,52.221.236.18
902,Douglas,Zealander,dzealanderp1@joomla.org,Male,44.88.150.79
903,August,Bote,abotep2@artisteer.com,Male,107.86.243.4
904,Sophia,Lightbody,slightbodyp3@php.net,Bigender,248.250.114.101
905,Onida,Blasetti,oblasettip4@telegraph.co.uk,Female,104.231.100.124
906,Bryon,Ashford,bashfordp5@cbsnews.com,Male,172.133.59.52
907,Binnie,Alonso,balonsop6@people.com.cn,Female,195.22.108.90
908,Mart,Hakking,mhakkingp7@yahoo.co.jp,Male,78.14.199.79
909,Carver,Probat,cprobatp8@latimes.com,Male,174.116.121.248
910,Bev,Rummery,brummeryp9@squarespace.com,Male,165.96.92.22
911,Davita,Ticksall,dticksallpa@examiner.com,Female,146.67.14.174
912,Luke,Goodchild,lgoodchildpb@nhs.uk,Male,190.251.141.85
913,Bordy,Berzon,bberzonpc@canalblog.com,Male,176.58.197.198
914,Aaren,D'Abbot-Doyle,adabbotdoylepd@google.nl,Female,150.186.116.129
915,Dante,Ritzman,dritzmanpe@qq.com,Male,252.178.72.178
916,Gena,Huzzey,ghuzzeypf@google.de,Female,88.72.231.160
917,Olia,Crandon,ocrandonpg@networksolutions.com,Female,67.202.228.199
918,Nina,Moxsom,nmoxsomph@issuu.com,Female,1.186.86.55
919,Daloris,Picardo,dpicardopi@slate.com,Female,242.255.16.45
920,Conny,Deyes,cdeyespj@altervista.org,Male,29.227.156.149
921,Kincaid,Leyson,kleysonpk@reverbnation.com,Male,164.47.116.94
922,Charin,Compford,ccompfordpl@freewebs.com,Female,29.50.205.45
923,Renado,Laetham,rlaethampm@opensource.org,Male,186.78.14.18
924,Otes,Prahm,oprahmpn@time.com,Male,132.247.135.174
925,Celeste,Tresler,ctreslerpo@independent.co.uk,Non-binary,143.225.236.61
926,Milton,Olle,mollepp@shutterfly.com,Male,14.223.69.219
927,Tirrell,Cushe,tcushepq@uol.com.br,Male,181.169.18.218
928,Rea,Goodered,rgooderedpr@booking.com,Female,221.119.160.128
929,Far,Rubbens,frubbensps@walmart.com,Male,99.232.70.20
930,Puff,Glowinski,pglowinskipt@jiathis.com,Male,63.149.160.197
931,Luciana,Korneichuk,lkorneichukpu@alibaba.com,Female,198.163.166.65
932,Shawn,Meaden,smeadenpv@nih.gov,Male,48.136.107.144
933,Pat,Athy,pathypw@tinypic.com,Male,108.202.37.87
934,Bari,Frearson,bfrearsonpx@mac.com,Female,141.117.198.181
935,Wilton,Rohan,wrohanpy@people.com.cn,Male,5.191.20.187
936,Angele,De Rye Barrett,aderyebarrettpz@virginia.edu,Female,187.44.197.148
937,Raul,Wauchope,rwauchopeq0@facebook.com,Male,22.209.155.237
938,Loree,Bearne,lbearneq1@adobe.com,Female,71.3.94.207
939,Anastasie,Layson,alaysonq2@elpais.com,Female,208.47.184.136
940,Marcile,Stannus,mstannusq3@tinypic.com,Female,60.32.105.207
941,Oren,Faulkener,ofaulkenerq4@nationalgeographic.com,Male,198.35.23.206
942,Amelia,Percival,apercivalq5@mit.edu,Female,15.162.83.177
943,Radcliffe,Gransden,rgransdenq6@narod.ru,Male,159.121.232.138
944,Carrissa,Buttwell,cbuttwellq7@w3.org,Female,108.157.0.228
945,Sargent,Growden,sgrowdenq8@skype.com,Male,178.214.155.52
946,Chelsea,Langcaster,clangcasterq9@histats.com,Female,235.125.213.210
947,Enid,Gasperi,egasperiqa@simplemachines.org,Female,58.7.236.41
948,Delbert,Ferrant,dferrantqb@si.edu,Male,242.78.227.41
949,Casey,Seawright,cseawrightqc@berkeley.edu,Male,192.225.82.65
950,Clim,Birdwistle,cbirdwistleqd@illinois.edu,Male,183.206.185.108
951,Charyl,Sheward,cshewardqe@newyorker.com,Female,215.12.249.44
952,Ruddie,Ure,rureqf@opera.com,Male,81.224.228.37
953,Daren,Derges,ddergesqg@pen.io,Male,216.13.108.138
954,Parry,Brewer,pbrewerqh@uiuc.edu,Male,161.110.56.165
955,Collete,Cattach,ccattachqi@weibo.com,Female,236.209.208.7
956,Nat,Macon,nmaconqj@yellowbook.com,Female,30.189.4.215
957,Margery,Goffe,mgoffeqk@cbsnews.com,Female,42.103.204.140
958,Dolorita,Rieger,driegerql@phpbb.com,Female,187.145.211.240
959,Blondy,Seatter,bseatterqm@virginia.edu,Female,160.140.98.127
960,Patten,Ascroft,pascroftqn@g.co,Male,177.136.248.234
961,Clint,Giraudoux,cgiraudouxqo@google.it,Male,202.242.16.149
962,Michale,Breagan,mbreaganqp@twitpic.com,Male,255.150.81.160
963,Lewes,Cess,lcessqq@reuters.com,Male,181.121.130.17
964,Conan,Alvares,calvaresqr@shop-pro.jp,Male,96.62.210.107
965,Harlan,Danielsson,hdanielssonqs@geocities.jp,Male,15.152.163.218
966,Hamlin,Trim,htrimqt@google.co.jp,Male,237.55.133.35
967,Johann,O'Neary,jonearyqu@wufoo.com,Male,115.205.227.227
968,Robb,Halleday,rhalledayqv@mit.edu,Male,180.143.29.210
969,Penny,McGann,pmcgannqw@guardian.co.uk,Female,205.179.158.122
970,Erminie,Hurd,ehurdqx@domainmarket.com,Female,116.253.208.194
971,Carr,Seager,cseagerqy@360.cn,Male,37.79.95.93
972,Johanna,Dauby,jdaubyqz@alexa.com,Female,198.166.18.80
973,Richard,Mosdill,rmosdillr0@hud.gov,Male,76.229.134.44
974,Jacquetta,McMakin,jmcmakinr1@edublogs.org,Female,173.123.146.31
975,Jens,Sedgefield,jsedgefieldr2@plala.or.jp,Male,120.236.6.137
976,Perrine,Madigan,pmadiganr3@aboutads.info,Female,146.247.149.90
977,Jessey,Claris,jclarisr4@flickr.com,Male,7.205.83.75
978,Davita,Fortescue,dfortescuer5@skype.com,Female,124.178.120.161
979,Patsy,Brisker,pbriskerr6@altervista.org,Female,145.178.213.13
980,Roddie,Cordery,rcorderyr7@networksolutions.com,Male,21.163.188.254
981,Orville,Creagh,ocreaghr8@imdb.com,Male,113.52.54.69
982,Wally,Espadas,wespadasr9@usda.gov,Male,69.190.48.196
983,Nettle,Springer,nspringerra@fotki.com,Female,102.86.24.209
984,Noreen,Giffaut,ngiffautrb@home.pl,Female,176.141.100.218
985,Rosalia,Barthelemy,rbarthelemyrc@theglobeandmail.com,Female,138.43.134.119
986,Lilly,Ferrand,lferrandrd@scientificamerican.com,Female,162.55.228.90
987,Vince,Tidbald,vtidbaldre@hexun.com,Male,184.143.138.98
988,Winthrop,Yea,wyearf@hugedomains.com,Male,34.17.175.47
989,Marv,Ferenczi,mferenczirg@sakura.ne.jp,Male,236.127.112.212
990,Barnabas,Flohard,bflohardrh@webeden.co.uk,Male,195.53.109.143
991,Carita,Arlidge,carlidgeri@oaic.gov.au,Female,250.183.152.14
992,Jay,Gillatt,jgillattrj@over-blog.com,Male,228.40.252.28
993,Karil,Galilee,kgalileerk@mysql.com,Female,139.235.52.48
994,Faunie,Dullingham,fdullinghamrl@tripadvisor.com,Female,238.8.16.31
995,Pearce,Tures,pturesrm@columbia.edu,Male,173.87.140.4
996,Carmelita,Birmingham,cbirminghamrn@nyu.edu,Female,245.32.140.183
997,Hedvig,Gurge,hgurgero@smh.com.au,Female,178.127.171.52
998,Donal,Roughsedge,droughsedgerp@macromedia.com,Male,115.227.195.45
999,Edy,Dorwood,edorwoodrq@umn.edu,Female,242.16.37.96
1000,Reamonn,Elfes,relfesrr@cmu.edu,Male,79.52.198.134
